kind	where	text
NO-TAG	p10	สำนักพิมพ์
UNKNOWN-TAG	p9	DA 18.1
UNKNOWN-TAG	p9	DA 18.2
HYPHEN	p18	้แก่โลก ดวง-อาทิตย์ส่องส
HYPHEN	p20	บมือกับเหตุ-การณ์ฉุกเฉิน
HYPHEN	p21	. . . . ข้า-พระองค์มาแล้
HYPHEN	p24	ปโดยความชอบ-ธรรมของพระอง
HYPHEN	p26	รัวของมนุษย-ชาติและคงรัก
HYPHEN	p26	ึ่งสภาพธรรม-ชาติมนุษย์ขอ
HYPHEN	p26	ิเทพในสวรรค-สถานรู้จักปั
PULL-QUOTE	p27	“ ‘พระเจ้้าสถิตกับเรา’ เป็นเครื่องประกันการทรงช่วยกู้เราออกจากบาป” {DA 24.3}
HYPHEN	p29	ข้าใจ” เฉลย-ธรรมบัญญัติ 
SKIPPED	p33	18.0pt “ประชาชาติที่พระเจ้าของเขาคือพระยาห์เวห์ก็เป็นสุข
SKIPPED	p33	18.0pt คือชนชาติซึ่งพระองค์ทรงเลือกสรรไว้เป็นมรดกของพระองค์” 
SKIPPED	p33	18.0pt สดุดี 33:12
HYPHEN	p44	ะชาชนในอาณา-บริเวณอันกว้
HYPHEN	p61	ติในราชอาณา-จักร {DA 61.
HYPHEN	p64	าในกรุงเยรู-ซาเล็ม การปล
HYPHEN	p67	ื่อว่าชาวนา-ซาเร็ธ” มัทธ
HYPHEN	p71	ของพวกธรรมา-จารย์ พระองค
HYPHEN	p71	รู้ทางวิทยา-ศาสตร์จากธรร
FILLER	p77	”พระเยซูเจริญขึ้นในด้านสติปัญญาและด้านร่างกาย เป็นที่ชอบต่อพระพักตร์พระเจ้าและต่อหน้าคนทั้งหลายด้วย„ ลูกา 2:52
HYPHEN	p79	 เทศกาลเพ็น-เทคอสต์และเท
HYPHEN	p86	จากกรุงเยรู-ซาเล็มพระองค
PULL-QUOTE	p89	“จะเป็นการดีหากเราจะใช้เวลา สักหนึ่งชั่วโมงในแต่ละวัน เพื่อใคร่ครวญอย่างเอาจริงเอาจังกับ การศึกษาชีวิตของพระคริสต์ .... โดยเฉพาะภาพของเหตุการณ์ ชีวิตช่วงสุดท้ายของพระองค์” {DA 83.4}
HYPHEN	p91	บัติและธรรม-เนียมประเพณี
HYPHEN	p91	ทอดจากธรรมา-จารย์ของสมัย
HYPHEN	p91	ะวจนะศักดิ์-สิทธิ์ พระอง
HYPHEN	p91	งรับขนบธรรม-เนียมประเพณี
HYPHEN	p93	ทธิ์และปราศ-จากมลทินไม่ไ
HYPHEN	p98	ของพวกธรรมา-จารย์ แต่การ
PULL-QUOTE	p101	“สำหรับทุกการทดลอง พระองค์ทรงมีคำตอบเดียว นั่นคือ ‘มีพระคัมภีร์เขียนไว้ว่า’.... ‘ความยำเกรงองค์เจ้านาย นั่นแหละคือปัญญาและการหันเสีย จากความชั่วร้ายคือความเข้าใจ’ ” โยบ 28:28 {DA 88.3}
HYPHEN	p102	ฉลากตามธรรม-เนียมของปุโร
HYPHEN	p111	จลักษณะอาณา-จักรของพระเม
HYPHEN	p114	งจะปลดเชื้อ-สายทั้งสิ้นข
HYPHEN	p115	ถึงความโปรด-ปรานของพระเจ
HYPHEN	p118	ู้ให้บัพติศ-มาเป็นลูกพี่
HYPHEN	p119	ล่าถึงอาชญา-กรรมมืดน่ากล
HYPHEN	p121	นแอของมนุษย-ชาติ พระองค์
HYPHEN	p122	งชนจำนวนมหา-ศาลที่ริมฝั่
PULL-QUOTE	p124	“ยอห์นเห็นถึงหลักฐานของพระสัญญาที่พระเจ้าทรงโปรดประทาน.... เขาร้องขึ้นมาว่า ‘จงดูพระเมษโปดกของพระเจ้า ผู้ทรงรับบาปของโลกไป’ ” ยอห์น 1:29 {DA 112.4}
PULL-QUOTE	p125	“พระผู้ไถ่ของเราทรงเปิดทางเพื่อให้คนบาปหนาที่สุด.... ได้พบทางไปยังพระบิดา.... ‘นี่แน่ะ เราจัดวางประตูที่เปิดไว้ตรงหน้าพวกเจ้า ประตูนี้ไม่มีใครสามารถปิดได้’ ” วิวรณ์ 3:8 {DA 113.2}
HYPHEN	p129	ต่ภายในอาณา-บริเวณของหัว
HYPHEN	p132	่าในถิ่นทุร-กันดารโดยไม่
PULL-QUOTE	p140	“นับตั้งแต่มีการประกาศต่องูในสวนเอเดนว่า ‘เราจะให้เจ้ากับหญิงนี้เป็นศัตรูกัน ทั้งพงศ์พันธุ์ของเจ้า และพงษ์พันธุ์ของนางด้วย’ ปฐมกาล 3:15 นั้น ซาตานรู้ดีว่ามันครอบครองโลก ไว้อย่างเด็ดขาดไม่ได้” {DA 115.1}
PULL-QUOTE	p141	“ตั้งแต่สมัยอาดัมจนถึงสมัย ของพระคริสต์ การตามใจตนเอง เพิ่มอำนาจให้กับความอยากอาหาร และตัณหาจนถึงขั้นเกือบควบคุม ไม่ได้ ด้วยประการฉะนี้มนุษย์ตกตํ่า และป่วยเป็นโรค” {DA 117.4}
HYPHEN	p145	น่าจะนำบรรพ-บุรุษคู่แรกข
HYPHEN	p146	ปยังถิ่นทุร-กันดารเพื่อใ
PULL-QUOTE	p150	ซาตาน “ไม่มีทางบังคับให้พวกเราทำชั่ว.... ก่อนที่ซาตานจะครอบงำเหนือเราได้ ความตั้งใจของเราจะต้องยินยอม เราต้องปล่อยความเชื่อในพระคริสต์ให้หลุดมือไป” {DA 125.2}
PULL-QUOTE	p151	“เราต้านการทดลองและบังคับซาตานให้ถอยไปจากเราได้.... พระองค์ตรัสกับพวกเราผ่านทางอัครทูตว่า ‘จงนอบน้อมต่อพระเจ้า จงต่อสู้กับมาร แล้วมันจะหนีท่านไป พวกท่านจงเข้าใกล้พระเจ้า แล้วพระองค์จะเสด็จเข้ามาใกล้ท่าน’ ” ยากอบ 4:7, 8 {DA 130.4}
HYPHEN	p153	าและประวัติ-ศาสตร์ของชาว
HYPHEN	p157	ังว่า “ข้าพ-เจ้าให้บัพติ
HYPHEN	p162	กระนั้นนาธา-นาเอลก็ตัดสิ
HYPHEN	p163	ไปเรียกนาธา-นาเอลนั้น นา
HYPHEN	p163	 “เยซูชาวนา-ซาเร็ธบุตรโย
HYPHEN	p163	นตรเห็นนาธา-นาเอลมาหา พร
HYPHEN	p164	ีลิปและนาธา-นาเอล รากฐาน
HYPHEN	p165	ขอให้นาธานา-เอลฟังคำพยาน
PULL-QUOTE	p167	“การดำรงชีวิตแห่งรักอย่างไม่เห็นแก่ได้นั้นจะโต้คำกล่าวหาได้หมด ชีวิตเสมอต้นเสมอปลายที่มีคุณลักษณะอ่อนน้อมในพระคริสต์ เป็นพลังในโลก” {DA 141.5}
HYPHEN	p174	นให้กับนาธา-นาเอลเป็นกฎข
PULL-QUOTE	p181	“เราทุกคนจะต้องเป็นพยานเพื่อพระเยซู.... ให้ทุกคนที่อ้างตนว่าได้พบพระคริสต์แล้วรับใช้เหมือนเช่่นพระองค์” {DA 152.4}
HYPHEN	p183	ยมที่เกี่ยว-ข้องกับพระวิ
HYPHEN	p185	เป็นตลาดแลก-เปลี่ยนเงินต
HYPHEN	p188	่กรุงเยรูซา-เล็มเต็มไปด้
HYPHEN	p189	น้ามายังพระ-วิหารและได้เ
HYPHEN	p190	ค์คือพระเมส-สิยาห์ พระวิ
HYPHEN	p195	ิหารหมดความ-หมายไป เหมือ
PULL-QUOTE	p197	“เราจะให้เจ้ากับหญิงนี้เป็นศัตรูกัน ทั้งพงศ์พันธุ์ของเจ้า และพงศ์พันธุ์ของนางด้วย เขาจะทำให้หัวของเจ้าแหลก และเจ้าจะทำให้ส้นเท้าของเขาฟกชํ้า” ปฐมกาล 3:15
HYPHEN	p206	อย่างดี สัญ-ลักษณ์ของงูท
HYPHEN	p208	“จงดูพระเมษ-โปดกของพระเจ
PULL-QUOTE	p209	“ไม่มีสิ่งใดที่มนุษย์ประดิษฐ์จะรักษาจิตวิญญาณที่ตกอยู่ในบาปได้.... การเปลี่ยนแปลงนี้จะเกิดขึ้นได้โดยอำนาจการประกอบกิจ ของพระวิญญาณบริสุทธิ์เท่านั้น” {DA 172.1}
HYPHEN	p209	งทำลายคริสต-จักรให้สิ้นไ
HYPHEN	p212	จะทำให้อุดม-การณ์อันล้ำค
PULL-QUOTE	p215	“ไม่มีสิ่งใดที่มนุษย์ประดิษฐ์จะรักษาจิตวิญญาณที่ตกอยู่ในบาปได้.... การเปลี่ยนแปลงนี้จะเกิดขึ้นได้โดยอำนาจการประกอบกิจ ของพระวิญญาณบริสุทธิ์เท่านั้น” {DA 172.1}
HYPHEN	p223	จในพระคริสต-ธรรมคัมภีร์ 
HYPHEN	p223	คัมภีร์พันธ-สัญญาเดิมมาแ
HYPHEN	p228	พณีของประชา-ชาติที่พวกฟา
PULL-QUOTE	p231	“ผู้ที่มีพระคริสต์สถิตร่วมอยู่ด้วยจะเป็นนํ้าพุแห่งพระพร ‘เป็นบ่อนํ้าพุในตัวเขาพลุ่งขึ้นถึงชีวิตนิรันดร์’ ” {DA 187.3}
HYPHEN	p235	น้อยของข้าพ-เจ้าจะตาย” ค
HYPHEN	p236	ะถึงเมืองคา-เปอรนาอุมก็เ
HYPHEN	p236	ะที่เมืองคา-เปอรนาอุมซึ่
HYPHEN	p244	ียบของธรรมา-จารย์หรือพยา
HYPHEN	p244	นี้พวกธรรมา-จารย์หวังที่
PULL-QUOTE	p257	“พระเยซูเสด็จมาเพื่อ ‘ทำให้ธรรมบัญญัตินั้นยิ่งใหญ่และมีเกียรติ’ พระองค์ไม่ทรงกระทำการใดเพื่อลดเกียรติแต่เพื่อยกชู” {DA 206.1}
HYPHEN	p265	ัญญาที่ปราศ-จากปัญญาจากเ
HYPHEN	p269	ำและสติสัมป-ชัญญะหยุดนิ่
HYPHEN	p276	์ในกรุงเยรู-ซาเล็มดูหมิ่
PULL-QUOTE	p280	“เวลาของการเสด็จมาของพระคริสต์ การทรงเจิมพระองค์ด้วย พระวิญญาณบริสุทธิ์ การมรณาของพระองค์และการประกาศพระกิตติคุณ ให้แก่คนต่างชาตินั้น ล้วนเปิดเผยไว้แล้วอย่างแม่นยำ” {DA 234.1}
HYPHEN	p280	นเพื่อทำลาย-ผู้สื่อข่าวข
HYPHEN	p280	า ความทะเยอ-ทะยานทางฝ่าย
HYPHEN	p280	็วไวของอาณา-จักรของ พระเ
PULL-QUOTE	p281	“ทูตสวรรค์อยู่ใกล้ผู้ติดตามซื่อสัตย์ของพระคริสต์.... ทูตสวรรค์ขวางกั้นปกป้องเราจากภัยอันตรายทั้งตามองเห็น และมองไม่เห็น เราได้รับการปกป้องโดยผ่านการเข้าขัดขวาง ของทูตสวรรค์” {DA 240.3}
PULL-QUOTE	p292	“ทูตสวรรค์อยู่ใกล้ผู้ติดตามซื่อสัตย์ของพระคริสต์” {DA 240.3}
PULL-QUOTE	p293	“พระเยซูประทับท่ามกล่างประชาชนในฐานะผู้อธิบายตัวจริง ในเรื่องของคำพยากรณ์ที่กล่าวถึงพระองค์เอง.... พระองค์ตรัสว่าพระเมสสิยาห์จะเสด็จมาเป็นผู้ช่วยเหลือผู้ที่ถูกกดขี่ ผู้ปลดปล่อยคนที่ถูกบีบบังคับ ผู้ทรงรักษาคนเจ็บป่วย ผู้ทรงทำให้คนตาบอด ได้เห็นอีกและผู้ทรงเปิดเผยแสงสว่างและความจริงให้แก่โลก” {DA 237.2}
HYPHEN	p295	ค้าและธรรมา-จารย์ คนร่ำร
HYPHEN	p296	หิตและธรรมา-จารย์ แม้แต่
PULL-QUOTE	p302	“พระเยซูทรงเลือกชาวประมงที่ไม่มีการศึกษา.... เมื่อสาวกสำเร็จการฝึกอบรมจากพระผู้ช่วยให้รอด.... พวกเขาเป็นเหมือนพระองค์ทั้งความคิดและลักษณะอุปนิสัย แล้วคนทั้งหลายก็รู้ว่าคนเหล่านี้เคยอยู่กับพระเยซู” {DA 250.1}
PULL-QUOTE	p303	“พระเยซูทรงเข้าหาประชาชนในจุดที่พวกเขาเป็นอยู่.... ภาษาของพระองค์บริสุทธิ์ ละเอียดและขัดเจนเหมือนสายนํ้าไหล พระสุรเสียงเป็นดั่งเสียงดนตรี.... พระองค์ทรงนำเสนอด้วยฤทธิ์อำนาจ” {DA 253.5}
HYPHEN	p316	เมืองคาเปอร-นาอุมกำลังตา
HYPHEN	p316	ะชาชนกระตือ-รือร้นที่จะเ
PULL-QUOTE	p332	เมื่อพระเยซูตรัสว่า “ ‘ลูกเอ๋ย จงชื่นใจเถิด บาปของเจ้าได้รับอภัยแล้ว’ ภาระแห่งความหดหู่สิ้นหวังแล่นออกไปจากจิตวิญญาณของชายป่วย สันติสุขของการอภัยโทษเข้ามาอยู่ในจิตวิญญาณของเขาและเปล่งประกาย ออกมาจากใบหน้าของเขา ความเจ็บป่วยทางกายหายไปและทั้งตัวของเขา ได้รับการเปลี่ยนแปลง” {DA 268.2; DA 268.3}
PULL-QUOTE	p333	“เมื่อมนุษย์สำนึกถึงความยิ่งใหญ่ของการทรงช่วยให้รอดแล้ว การเสียสละตนในชีวิตของพระคริสต์จะแสดงออกให้เห็นในชีวิตของพวกเขา ไม่ว่าพระองค์จะทรงนำไปทางใด พวกเขาก็ยินดีจะติดตาม” {DA 273.5}
HYPHEN	p340	ที่พวกธรรมา-จารย์กำหนดแล
HYPHEN	p340	ั้นความปีติ-ยินดีของข้าพ
HYPHEN	p345	คติที่คลั่ง-ไคล้ หลายคนป
PULL-QUOTE	p346	“คำสอนของพระคริสต์.... เปิดเผยในสิ่งที่สอนไว้ตั้งแต่แรกเริ่ม” {DA 279.3}
PULL-QUOTE	p347	“จงระลึกถึงวันสะบาโต ถือเป็นวันบริสุทธิ์ จงทำงานทั้งสิ้นของเจ้าหกวัน แต่วันที่เจ็ดนั้นเป็นสะบาโตแด่พระยาห์เวห์พระเจ้าของเจ้า ในวันนั้นห้ามทำงานใดๆไม่ว่าเจ้าเอง หรือบุตรชายบุตรหญิงของเจ้า หรือทาสทาสีของเจ้า หรือสัตว์ใช้งานของเจ้า หรือคนต่างด้าวที่อาศัยอยู่ใน ประตูเมืองของเจ้า เพราะในหกวันพระยาห์เวห์ทรงสร้างฟ้าและแผ่นดิน ทะเล และสรรพสิ่งซึ่งมีอยู่ในที่เหล่านั้น แต่ในวันที่เจ็ดทรงพัก เพราะฉะนั้นพระยาห์เวห์ทรงอวยพรวันสะบาโต และทรงตั้งวันนั้นไว้เป็นวันบริสุทธิ์" อพยพ 20:8-11
HYPHEN	p354	เครื่องสัตว-บูชา’ พวกท่า
HYPHEN	p357	่วยมวลมนุษย-ชาติให้รอด {
HYPHEN	p359	รษะของคริสต-จักร และโดยอ
HYPHEN	p361	ของมวลมนุษย-ชาติ เมื่อพว
HYPHEN	p368	และมีวิจารณ-ญาณเป็นหนึ่ง
PULL-QUOTE	p370	“โดยการมองไปยังพระคริสต์ ลักษณะอุปนิสัยของพวกเขาเปลี่ยนไป” {DA 296.1}
PULL-QUOTE	p371	“พระเจ้าทรงรับมนุษย์ในสภาพที่พวกเขาเป็นอยู่.... แม้พวกเขาจะไม่สมบูรณ์แบบก็ตาม โดยอาศัยความรู้และการปฏิบัติตามความจริง โดยพระคุณของพระคริสต์พวกเขาก็ยังจะเปลี่ยนไปตามพระฉายา ของพระคริสต์ได้” {DA 294.4}
HYPHEN	p374	 และจากเหตุ-การณ์ในตอนเช
HYPHEN	p374	ะมุขของอาณา-จักรสากล {DA
HYPHEN	p386	ือรักษาธรรม-บัญญัติได้ แ
HYPHEN	p386	ือรักษาธรรม-บัญญัติ แต่ผ
PULL-QUOTE	p394	“การรับใช้ที่ถวายด้วยความบริสุทธิ์ใจให้ผลตอบแทนยิ่งใหญ่.... โดยการดำรงชีวิของเราด้วยพระคุณของพระคริสต์ ลักษณะอุปนิสัยของเราจะถูกสร้างขึ้น” {DA 312.2}
PULL-QUOTE	p395	“เราจะต้องไม่นำเครื่องมือของผู้ล่อลวงขึ้นอ้างแก้ตัวให้กับ การกระทำผิดแม้เพียงครั้งเดียว....ข้อแก้ตัวเหล่านี้เองที่นำไปสู่บาป ไม่มีข้อแก้ตัวใดให้กับการทำบาป” {DA 311.3}
HYPHEN	p400	็นที่ราบเอส-ดราลอนอันกว้
PULL-QUOTE	p403	“เมื่อซาตานยํ้าบอกว่าคุณเป็นคนบาปและไม่มีหวังที่จะรับพระพรของพระเจ้า ให้บอกมันว่าพระคริสต์เสด็จมาในโลกเพื่อช่วยคนบาปให้รอด” {DA 317.1}
HYPHEN	p403	:11; 1 เธสะ-โลนิกา 4:16,
HYPHEN	p403	ือคำปลอบโยน-ที่พระองค์ทร
HYPHEN	p411	ที่พวกธรรมา-จารย์และพวกฟ
HYPHEN	p414	และพวกธรรมา-จารย์ที่ปฏิบ
HYPHEN	p417	่มีต่อมนุษย-ชาติที่ล้มลง
PULL-QUOTE	p420	พระเยซูทรงเชิญพวกเราว่า “จงเอาแอกของเราแบกไว้ แล้วเรียนจากเรา เพราะว่าเราสุภาพอ่อนโยนและใจอ่อนน้อม และจิตใจของพวกท่านจะได้หยุดพัก” {DA 329.4}
PULL-QUOTE	p421	เมื่อพระเยซู “ตรัสกับทะเลดุเดือดว่า ‘จงสงบเงียบ’ พายุหยุด คลื่นลมสงบลง เมฆม้วนตัวจากไปและดวงดาวก็ส่องสว่าง เรือจอดนิ่งบนทะเลที่เงียบสงบ แล้วพระเยซูทรงหันไปหาสาวกของพระองค์ตรัสถามอย่างเศร้าใจว่า ‘ทำไมพวกเจ้ากลัว พวกเจ้าไม่มีความเชื่อหรือ?’” มาระโก 4:40 {DA 335.2; DA 335.3}
HYPHEN	p423	ออกของเยนเน-ซาเรทใช่ว่าจ
HYPHEN	p431	งเป็นพระเมส-สิยาห์ พวกเข
HYPHEN	p436	องเรา?” ประ-ชาชนตอบคำถาม
PULL-QUOTE	p440	“พระเยซูตรัสต่อไปว่า เมื่อท่านทั้งหลายรับเราต่อหน้ามนุษย์ เราก็จะรับท่านต่อหน้าพระเจ้าและทูตสวรรค์ผู้บริสุทธิ์ด้วย” {DA 357.1}
PULL-QUOTE	p441	“พระราชกิจการสร้างอาณาจักรของพระคริสต์จะต้องมุ่งหน้าดำเนินต่อไป ถึงแม้เมื่อดูจากภายนอกงานนั้นจะเคลื่อนไปได้ช้าและดูเหมือนว่า ความเป็นไปไม่ได้จะต่อต้านความก้าวหน้าก็ตาม” {DA 370.2}
HYPHEN	p442	มาชิกในครอบ-ครัวของพระเย
HYPHEN	p442	ค์ในงานตราก-ตรำและความทุ
HYPHEN	p447	มองเห็นอาณา-เขตที่กว้างใ
PULL-QUOTE	p456	“ความเชื่อเดียวที่จะให้ประโยชน์แก่เราคือตัวเราเองจะต้องเชื่อ และยอมรับพระเยซูเป็นพระผู้ช่วยส่วนตัวของเรา เมื่อมีความเชื่อเช่นนี้แล้วเราเองจะได้รับปันส่วนคุณความดีของพระองค์” {DA 347.1}
PULL-QUOTE	p457	“การลงแรงอย่างจริงจังทุกวันเพื่อจะรู้จักพระเจ้าและพระเยซูคริสต์.... จะนำพลังและประสิทธิภาพมาสู่จิตวิญญาณ ความรู้ที่ได้รับจากการค้นหาพระคัมภีร์อย่างขยันขันแข็ง จะแวบเข้ามายังความทรงจำในเวลาที่ต้องการอย่างเหมาะสม” {DA 355.2}
HYPHEN	p463	เล่าประวัติ-ศาสตร์ชีวิตข
HYPHEN	p470	์ พวกเขาสรร-เสริญมนุษย์แ
HYPHEN	p475	ำขนมปังบาร์-เลย์ของคุณเอ
PULL-QUOTE	p476	“บรรดาผู้ติดตามพระคริสต์จะต้องลงแรงทำงาน เหมือนที่พระองค์ทรงทำมาแล้ว เราจะต้องให้อาหารแก่คนหิว สวมเครื่องนุ่งห่มแก่คนเปลือยกาย และปลอบประโลมคนที่ตกทุกข์และจ็บป่วย” {DA 350.4}
PULL-QUOTE	p477	“เพื่อประโยชน์ของตัวเราเอง เราต้องเก็บของขวัญทุกชิ้นของพระเจ้าให้สดใหม่อยู่ในความทรงจำของเรา ด้วยการทำเช่นนี้ ความเชื่อจะแข็งแกร่งขึ้นเพื่อจะอ้างสิทธิ์ได้มากขึ้น และเพื่อรับได้มากยิ่งขึ้น” {DA 348.2}
HYPHEN	p483	ัน อากาศแปร-ปรวนที่เกิดข
PULL-QUOTE	p486	“เราต้องปฏิบัติตามแผนของพระองค์ จะต้องไม่เอาตนเป็นที่ตั้ง อัตตารับเกียรติใดๆ ไม่ได้ หากเราวางแผนตามแนวคิดของเราเอง พระเจ้าจะทรงปล่อยให้เราอยู่ในความผิดพลาดของเรา” {DA369.1}
PULL-QUOTE	p487	“พระเจ้าทรงประกอบการอัศจรรย์อยู่ทุกวันจากผลผลิต ของการเก็บเกี่ยวของพื้นแผ่นดิน....มนุษย์เตรียมดินและหว่านเมล็ดพืช แต่ชีวิตจากพระเจ้าที่ทำให้เมล็ดเริ่มงอกแตกหน่อ ฝนและอากาศและแสงแดดของพระเจ้าที่ทำให้เกิด ‘ลำต้นก่อน ภายหลังก็ออกรวงแล้วก็มีเมล็ดข้าวเต็มรวง’ ” มาระโก 4:28 {DA 367.3}
HYPHEN	p489	เมืองคาเปอร-นาอุมก็ยังคง
HYPHEN	p492	ติและการประ-พฤติดีและมัก
HYPHEN	p498	ถนาที่จะตรา-ตรึงความเชื่
HYPHEN	p499	้าเป็นประสบ-การณ์ของฉัน 
HYPHEN	p507	ของพวกธรรมา-จารย์จัดเป็น
HYPHEN	p509	และพวกธรรมา-จารย์ความกระ
HYPHEN	p515	ราะพวกธรรมา-จารย์และพวกฟ
HYPHEN	p517	ือเชื้อชาติ-หนึ่งเชื้อชา
PULL-QUOTE	p519	“ข้าแต่พระบิดา ขอให้พระนามของพระองค์ได้รับเกียรติ” ยอห์น 12:28 “เมื่อเราติดตามพระองค์ พระดำรัสนี้จะเป็นคติพจน์ประจำใจในชีวิตของเราด้วย” {DA 409.3}
PULL-QUOTE	p529	กษัตริย์ดาวิดตรัสไว้ว่า “ข้าพระองค์ฉลาดกว่าครูทั้งหมดของข้าพระองค์ เพราะพระโอวาทของพระองค์เป็นคำภาวนาของข้าพระองค์” สดุดี 119:99
FILLER	p528	“เราจะให้ใจใหม่แก่พวกเจ้า และเราจะบรรจุวิญญาณใหม่ไว้ภายในของเจ้าทั้งหลาย เราจะนำใจหินออกจากเนื้อของเจ้า และให้ใจเนื้อแก่เจ้า” เอเสเคียล 36: 26
HYPHEN	p530	ระองค์ ธรรม-บัญญัติของพร
HYPHEN	p541	หลงหาย คริส-เตียนทั้งหลา
HYPHEN	p542	สด็จมาในราช-อาณาจักรของพ
FILLER	p543	พระเจ้าทรงเป็น “พระศิลา พระราชกิจของพระองค์ก็สมบูรณ์” “ทุกคนที่เข้ามาลี้ภัยในพระองค์ก็เป็นสุข” “คนที่วางใจในมนุษย์ และให้เนื้อหนังเป็นกำลังของเขา...คนนั้นก็เป็นที่แช่งสาป” เฉลยธรรมบัญญัติ 32:4 สดุดี 2:12 เยเรมีย์ 17:5
HYPHEN	p544	ืดไปหมด ดวง-อาทิตย์หายไป
HYPHEN	p549	วังอันทะเยอ-ทะยานของพวกเ
PULL-QUOTE	p550	“พระเยซูทรงอธิบายให้สาวกของพระองค์ฟังว่าชีวิตของการละทิ้งตนเอง ของพระองค์เป็นแบบอย่างของชีวิตที่พวกเขาควรทำตาม” {DA 416.3}
PULL-QUOTE	p551	“ทุกคนได้รับเชิญให้มาหาพระองค์และมีชีวิต โดยไม่คำนึงถึงความแตกต่างของอายุหรือยศฐานะ หรือเชื้อชาติ หรือสิทธิพิเศษทางศาสนา” {DA 403.3}
HYPHEN	p553	นมีพวกธรรมา-จารย์ที่ใช้โ
HYPHEN	p554	ยังพวกธรรมา-จารย์ถามว่า 
HYPHEN	p554	ัน พวกธรรมา-จารย์ที่คอยต
HYPHEN	p559	ดเล็กของพืช-ผู้แปล] ขนาด
FILLER	p559	พระเยซูทรงสัญญาไว้แล้วว่า “ถ้าพวกท่านสองคนจะร่วมใจกันทูลขอสิ่งหนึ่งสิ่งใดในโลก พระบิดาของเราผู้สถิตในสวรรค์ก็จะทรงทำสิ่งนั้นให้ เพราะว่ามีสองสามคนประชุมกันที่ไหนในนามของเรา เราจะอยู่ท่ามกลางพวกเขาที่นั่น” มัทธิว 18:19, 20
HYPHEN	p567	งลักษณะอาณา-จักรของพระอง
HYPHEN	p567	กการของอาณา-จักรของพระอง
HYPHEN	p578	ร้องเพลงสรร-เสริญ มหาชนท
HYPHEN	p579	เพลงของข้าพ-เจ้า” “ท่านท
HYPHEN	p583	ของพวกธรรมา-จารย์และทั้ง
HYPHEN	p584	นถิ่นทุรกัน-ดารแล้ว หินก
HYPHEN	p587	ฐานของสิทธิ-อำนาจของพระอ
HYPHEN	p595	ีให้กับธรรม-บัญญัติ พวกร
PULL-QUOTE	p597	“แล้วพระเยซูตรัสว่า ‘เราก็ไม่เอาโทษเหมือนกัน จงไปเถิดและจากนี้ไปอย่าทำบาปอีก’” ยอห์น 8:11 {DA 461.5}
HYPHEN	p610	นี้ ประวัติ-ศาสตร์เรื่อง
HYPHEN	p612	วที่จะประนี-ประนอมกับตนเ
HYPHEN	p621	ค์ พระคริสต-ธรรมคัมภีร์ก
PULL-QUOTE	p625	“อย่ากลัวเลย เราจะอยู่กับเจ้า....เราทนแบกความทุกข์โศกของเจ้า ร่วมประสบการณ์การดิ้นรนของเจ้า เผชิญกับการทดลองของเจ้า เราเข้าใจน้ำตาของเจ้า เราก็ร่ำไห้กับเจ้า เราทราบดีถึงความโศกเศร้าของเจ้า ที่ทุกข์สุดลำเค็ญเกินที่จะระบายให้เข้าหูของมนุษย์คนใดในโลก ให้มองมายังเราและมีชีวิต” {DA 483.1}
HYPHEN	p638	ของพวกธรรมา-จารย์และพวกฟ
HYPHEN	p639	ี้ยงข่าวประ-เสริฐต่างได้
PULL-QUOTE	p640	“มนุษย์ทุกคนเป็นทรัพย์สมบัติของพระเจ้าทั้งกาย ใจและจิตวิญญาณ พระคริสต์ทรงสิ้นพระชนม์เพื่อไถ่มนุษย์ทั้งปวงแล้ว” {DA 488.1}
PULL-QUOTE	p641	“ฤทธานุภาพของพระวิญญาณบริสุทธิ์ เป็นโล่ปกป้องจิตวิญญาณทุกดวงที่สำนึกผิด ไม่มีใครสักคนที่เชื่อและสำนึกผิด ซึ่งอ้างถึงพระสัญญาแห่งการปกป้องของพระคริสต์จะถูกปล่อย ให้ตกอยู่ภายใต้อำนาจของศัตรู” {DA 490.5}
HYPHEN	p642	่จะทำให้พระ-คริสต์ติดกับ
HYPHEN	p644	รเป็นเพื่อน-บ้านเล่า? พว
HYPHEN	p644	องเห็นทุพพล-ภาพและบาปของ
HYPHEN	p645	จากกรุงเยรู-ซาเล็มไปยังเ
HYPHEN	p645	งของถิ่นทุร-กันดารของแผ่
PULL-QUOTE	p651	“‘ใครเป็นเพื่อนบ้านของข้าพเจ้า’ ....เพื่อนบ้านของเราคือทุกคนที่ต้องการความช่วยเหลือของเรา เพื่อนบ้านของเราคือจิตวิญญาณทุกดวงที่ถูกศัตรูทุบตีจนบาดเจ็บและฟกช้ำ ทุกคนที่เป็นสมบัติของพระเจ้าคือเพื่อนบ้านองเรา” {DA 503.5}
HYPHEN	p657	กระดับมนุษย-ชาติได้ และส
HYPHEN	p658	นุนจากผู้ปก-ครองทางโลกแล
PULL-QUOTE	p659	“ความรักของมารดาเป็นตัวแทนให้เด็กได้เห็นความรักของพระคริสต์ และลูกตัวน้อยๆ ที่วางใจและเชื่อฟังมารดา ของพวกเขากำลังเรียนรู้ที่จะวางใจและเชื่อฟังพระผู้ช่วยให้รอด” {DA 515.4}
HYPHEN	p662	ู้ทรงฤทธานุ-ภาพได้ผ่านทา
HYPHEN	p664	านไว้ในธรรม-ชาติมาใช้ในก
HYPHEN	p665	กร กับศาสนา-จารย์ ผู้ช่ว
PULL-QUOTE	p667	“บิดาและมารดาควรปฏิบัติต่อบุตรของตน ในฐานะสมาชิกอายุน้อยในครอบครัวของพระเจ้า.... จงเปิดเผยความงามของหลักการแห่งสวรรค์ให้แก่พวกเขาทีละนิด.... บ้านของคริสเตียนจะเป็นโรงเรียนที่มีบิดามารดาทำหน้าที่เป็นครูน้อย ในขณะที่พระคริสต์เองทรงเป็นอาจารย์ใหญ่ {DA 515.2}
PULL-QUOTE	p674	“แต่ทุกคนที่ยอมรับพระองค์ คือคนที่เชื่อในพระนามของพระองค์นั้น พระองค์ก็จะประทานสิทธิให้เป็นลูกของพระเจ้า ซึ่งในฐานะนั้นพวกเขาไม่ได้เกิดจากเลือดเนื้อหรือกาม หรือความประสงค์ของมนุษย์ แต่เกิดจากพระเจ้า” ยอห์น 1:12, 13
PULL-QUOTE	p675	“พระเจ้าทรงฝากปัจจัยต่างๆ ให้แก่มนุษย์ให้พวกเขารับตะลันต์และโอกาส เพื่อให้เป็นตัวแทนของการช่วยคนยากจนและคนที่ทุกข์ยาก.... มาเป็นผู้ร่วมทำงานกับพระผู้ช่วยให้รอด เขานำจิตวิญญาณหลายดวงกลับมาหาพระคริสต์ เพราะเขาเป็นตัวแทนของลักษณะนิสัยของพระองค์” {DA 523.2}
HYPHEN	p677	มของโลกธรรม-ชาติให้แก่พว
PULL-QUOTE	p693	พระเยซูตรัสว่า “‘เราบอกเธอแล้วไม่ใช่หรือว่า ถ้าเธอเชื่อ ก็จะได้เห็นความยิ่งใหญ่ของพระเจ้า ทำไมเจ้าจึงสงสัยอำนาจของเรา’.... พระดำรัสของเราเจ้าวางใจได้ หากเจ้าเชื่อ เจ้าจะได้เห็นพระสิริของพระเจ้า” {DA 535.2}
HYPHEN	p693	ด้วยความประ-หลาดใจ หลังจ
HYPHEN	p694	พอที่จะโน้ม-น้าวจิตใจทุก
HYPHEN	p699	ี่จะรับศาสน-ศาสตร์ของโรง
HYPHEN	p701	ที่กรุงเยรู-ซาเล็มโดยปรา
HYPHEN	p702	ยังกรุงเยรู-ซาเล็มและทุก
HYPHEN	p703	ียรติในอาณา-จักรของพระอง
PULL-QUOTE	p709	“ผู้ที่ยืนอยู่เคียงข้างอย่างใกล้ชิดที่สุดกับพระคริสต์ จะเป็นผู้ที่ในขณะอยู่บนโลกได้ดื่มอย่างสุดซึ้ง ถึงวิญญาณแห่งความรักที่เสียสละตนของพระองค์ นั่นคือความรักที่ ‘ไม่อวดตัวไม่หยิ่งผยอง....ไม่เห็นแก่ตัว ไม่ฉุนเฉียว ไม่ช่างจดจำความผิด’” 1 โครินธ์ 13:4, 5 {DA 549.3}
HYPHEN	p712	แต่พวกธรรมา-จารย์มองด้วย
HYPHEN	p719	งจะขึ้นครอง-ราชย์เป็นพระ
HYPHEN	p724	ชมพระลักษณะ-นิสัยอันสูงส
HYPHEN	p728	ม่มองการปรน-นิบัติด้วยคว
PULL-QUOTE	p732	“พระคริสต์ทรงให้ความสำคัญแก่การกระทำที่สุภาพจริงใจ เมื่อใครก็ตามทำให้พระองค์ทรงโปรดปราน พระองค์จะทรงอวยพระพรแก่ผู้กระทำ ด้วยความสุภาพจากสวรรค์” {DA 564.4}
PULL-QUOTE	p733	“พระผู้ช่วยให้รอดทรงปฏิบัติด้วยความอ่อนโยน อย่างไม่มีขอบเขตจำกัดกับจิตวิญญาณที่พระองค์ทรงไถ่มาแล้ว ด้วยพระโลหิตของพระองค์ พวกเขาเป็นผู้ที่ความรักของพระองค์ทรงเรียกหา พระองค์ทรงเฝ้ามองด้วยความปรารถนาที่ไม่อาจเปล่งออกเป็นวาจาได้ พระหทัยของพระองค์วอนหาไม่เพียงแต่เด็กๆ ที่เรียบร้อยที่สุดเท่านั้น แต่ยังทรงตามหาเด็กที่มีลักษณะอุปนิสัยอันน่าพึงรังเกียจ ที่ถ่ายทอดมาทางพันธุกรรมด้วย” {DA517.5}
HYPHEN	p734	ลูกลา” เศคา-ริยาห์ 9:9 {
HYPHEN	p734	ยความกระตือ-รือร้นเพื่อเ
HYPHEN	p736	งเป็นพระมหา-กษัตริย์ของพ
HYPHEN	p736	ๆ ผู้สังเกต-การณ์ที่ปะปน
HYPHEN	p737	ระองค์ เหตุ-การณ์ที่เกิด
HYPHEN	p744	ว่ากรุงเยรู-ซาเล็มจะมีสภ
HYPHEN	p744	หากกรุงเยรู-ซาเล็มรู้ถึง
HYPHEN	p744	ที่กรุงเยรู-ซาเล็มน่าจะเ
HYPHEN	p745	ักอย่างธรรม-ชาติถูกทำลาย
HYPHEN	p745	ต่อกรุงเยรู-ซาเล็มที่ดูแ
HYPHEN	p746	เป็น “เมลคี-เซเดคผู้เป็น
HYPHEN	p746	ณว่า “อิมมา-นูเอล” “ที่ป
PULL-QUOTE	p747	“ธิดาแห่งศิโยนเอ๋ย จงร่าเริงอย่างยิ่งเถิด โอ บุตรีแห่งเยรูซาเล็มเอ๋ย จงโห่ร้อง นี่แน่ะ กษัตริย์ของเธอเสด็จมาหาเธอ ทรงความยุติธรรมและความรอด พระองค์ทรงอ่อนสุภาพและทรงลา ทรงลูกลา” เศคาริยาห์ 9:9
HYPHEN	p753	านอย่างอเนก-อนันต์ให้แก่
PULL-QUOTE	p757	“พระราชกิจอันประเสริฐของพระองค์ ก็เพื่อการฟื้นฟูไม่เคยทรงทำเพื่อการทำลาย” {DA 582.2}
HYPHEN	p759	และพวกธรรมา-จารย์ตระหนัก
HYPHEN	p762	18:26; เศคา-ริยาห์ 9:9 “
HYPHEN	p767	ดูถูกเหยียด-หยาม แต่เมื่
PULL-QUOTE	p775	“สำหรับผู้ที่เชื่อว่าพระคริสต์ทรงเป็นรากฐานมั่นคง คนเหล่านี้คือผู้ที่ล้มทับศิลาและแตกหักไป.... การล้มทับศิลาและแตกหักคือการสละทิ้งความชอบธรรมของตัวเราเอง และเข้าเฝ้าพระคริสต์ด้วยความถ่อมตนอย่างเด็กเล็กคนหนึ่ง และกลับใจจากการล่วงละเมดของเราเอง โดยความเชื่อและการเชื่อฟัง เราจึงสร้างขึ้นบนพระคริสต์ผู้ทรงเป็นรากฐานของเราได้” {DA599.3}
HYPHEN	p777	าเงินเดนาริ-อันเหรียญหนึ
HYPHEN	p786	าสงสารธรรมา-จารย์ที่จริง
HYPHEN	p793	้า พวกธรรมา-จารย์และพวกฟ
HYPHEN	p794	จ้าพวกธรรมา-จารย์ และพวก
HYPHEN	p798	้า พวกธรรมา-จารย์และพวกฟ
HYPHEN	p800	ื่องการทะนุ-ถนอมที่ฝังศพ
HYPHEN	p801	มลง ประวัติ-ศาสตร์แบบเดี
PULL-QUOTE	p805	“พระเจ้าของเรา.... ทรงสอนว่าความรักที่ถวายให้พระเจ้า จะแสดงออกด้วยการเชื่อปฏิบัติตาม พระบัญญัติทั้งหมดของพระองค์” {DA 607.3}
PULL-QUOTE	p815	“กฎแห่งการเสียสละคือกฎแห่งการเก็บรักษาตนเองไว้.... การให้คือการมีชีวิต ชีวิตที่ถวายรับใช้พระเจ้าและมนุษย์อย่างใจกว้างจะเก็บถนอมรักษาชีวิตไว้ ผู้ที่ยอมเสียสละชีวิตในโลกนี้ เพื่อเห็นแก่พระคริสต์จะรักษาชีวิตไว้เพื่อนิจนิรันดร์” {DA 623.5}
HYPHEN	p820	ถึงกรุงเยรู-ซาเล็มให้แก่
HYPHEN	p828	นที” 1 เธสะ-โลนิกา 5:3 ว
HYPHEN	p831	บเอาราชอาณา-จักรซึ่งเตรี
HYPHEN	p832	ความรู้ศาสน-ศาสตร์เพียงเ
HYPHEN	p832	าชิกของครอบ-ครัวสวรรค์ พ
PULL-QUOTE	p837	เมื่อ “คุณเปิดประตูต้อนรับคนยากไร้และทุกข์ทรมานของพระคริสต์ คุณกำลังต้อนรับทูตสวรรค์ที่ตามองไม่เห็น.... พวกเขามาพร้อมกับคำสรรเสริญที่ริมฝีปากของพวกเขา และได้ยินเสียงตอบรับที่ดังขึ้นในสวรรค์ ทุกการกระทำแห่งความเมตตาปรานีทำให้เกิดเสียงดนตรีที่นั่น” {DA 639.2}
HYPHEN	p838	เพื่อถือเทศ-กาลปัสกา พระ
HYPHEN	p838	่มาเพื่อปรน-นิบัติคนอื่น
HYPHEN	p841	าห้องรับประ-ทานอาหาร ใจข
PULL-QUOTE	p851	“พระเจ้าไม่ทรงดำรงชีวิตเพื่อพระองค์เอง.... พระองค์ทรงปรนนิบัติรับใช้ผู้อื่นอยู่เสมอ ‘พระองค์ทรงให้ดวงอาทิตย์ ของพระองค์ขึ้นส่องสว่างแก่คนดีและคนชั่วเสมอกัน และให้ฝนตกแก่คนชอบธ รรมและคนอธรรม’” มัทธิว 5:45 {DA 649.4}
HYPHEN	p863	ณจากพิธีมหา-สนิททุกครั้ง
PULL-QUOTE	p864	พระเยซูตรัสว่า “เราเป็นอาหารดำรงชีวิตซึ่งลงมาจากสวรรค์ ถ้าใครกินอาหารนี้ คนนั้นจะมีชีวิตนิรันดร์ และอาหารที่เราจะให้เพื่อชีวิต ของโลกนั้นก็คือเลือดเนื้อของเรา” “เรารับชีวิตนี้ได้โดยการรับพระวจนะของพระองค์ และโดยการปฏิบัติตามพระบัญชาต่างๆ ของพระองค์” {DA660.4}
HYPHEN	p864	้าและพระเมษ-โปดก เพราะคว
PULL-QUOTE	p865	ความหยิ่งและการบูชาตนจะไม่เติบใหญ่ในจิตวิญญาณ ที่รักษาความทรงจำของภาพกางเขนคาลวารีไว้ให้สดใหม่อยู่เสมอ {DA 661.2}
HYPHEN	p875	์แต่ทรงปราศ-จากบุคลิกลัก
HYPHEN	p877	ของพวกธรรมา-จารย์และพวกฟ
HYPHEN	p877	ของพวกธรรมา-จารย์ว่าเป็น
HYPHEN	p894	ไปยังสวนเกท-เสมนีพร้อมสา
HYPHEN	p897	สิ้นไป อาณา-จักรของโลกจะ
HYPHEN	p899	ิสุทธิ์ปราศ-จากความผิด ห
HYPHEN	p902	ของโลก ชะตา-กรรมของมนุษย
HYPHEN	p907	หาเยซูชาวนา-ซาเร็ธ” แล้ว
HYPHEN	p908	และพวกธรรมา-จารย์ในการติ
HYPHEN	p910	หน้าของครอบ-ครัวปุโรหิตป
HYPHEN	p914	ียวของมนุษย-ชาติอยู่ที่ก
HYPHEN	p916	ายกาจของอัน-นาสและคายาฟา
HYPHEN	p918	องค์เอง มหา-ปุโรหิตลุกขึ
HYPHEN	p921	สต์นั้น มหา-ปุโรหิตกลับก
HYPHEN	p922	อของตน คายา-ฟาสได้ทำให้พ
HYPHEN	p923	ก็ได้ที่มหา-ปุโรหิตฉีกเส
HYPHEN	p928	ยู่ในสวนเกท-เสมนี ภาพเมื
HYPHEN	p930	ภาพการทารุณ-กรรมและการเย
HYPHEN	p930	ว่าการทารุณ-กรรมที่ได้รั
HYPHEN	p930	ความมีมนุษย-ธรรมได้หายไป
HYPHEN	p934	การณ์ คริสต-จักรจะไม่มีว
HYPHEN	p937	รารถนาทะเยอ-ทะยานอยากจะเ
HYPHEN	p939	ขนแล้ว เหตุ-การณ์นี้ก็จะ
PULL-QUOTE	p942	“ยูดาสมีธรรมชาติของการรักเงินอย่างแรงกล้า.... ความรักเงินของเขาเอาชนะความรักที่เขามีต่อพระคริสต์ ด้วยการยอมเป็นทาสของความชั่ว เขาจึงมอบตัวเองให้ซาตาน และถูกผลักดันลึกเข้าไปในบาป” {DA 716.3}
PULL-QUOTE	p943	“พระเยซูทรงบัญชาให้เปโตรเฝ้าระวังและอธิษฐาน.... ถ้าเปโตรใข้เวลาในสวนเฝ้าระวังและอธิษฐานแล้ว.... ถ้าพวกสาวกเฝ้าระวังร่วมกับพระคริสต์.... พวกเขาก็น่าจะพร้อมเฝ้ามองความทุกข์ทรมานของพระองค์บนไม้กางเขนได้” {DA 713.4}
HYPHEN	p944	พากษาของสภา-ซันเฮดริน พว
HYPHEN	p947	่อยู่ในเหตุ-การณ์ได้เห็น
HYPHEN	p961	้นำตัวบารับ-บัสเข้ามาในศ
PULL-QUOTE	p969	“ศัตรูของพระคริสต์เรียกร้องการอัศจรรย์เพื่อเป็นหลักฐาน แสดงความเป็นพระเจ้าของพระองค์....ความอ่อนโยนและความอดทนนาน ของพระองค์ก็ได้ยกพระเยซูขึ้นเหนือความเป็นมนุษย์ และพิสูจน์ถึงความเป็นเครือญาติที่พระองค์ทรงมีกับพระเจ้า” {DA 734.4}
HYPHEN	p972	อันน่าอัปยศ-อดสูนี้ ชาวย
HYPHEN	p973	ื่อกรุงเยรู-ซาเล็มจะถูกท
HYPHEN	p978	ยด้วยไม้กาง-เขนจะได้รับอ
HYPHEN	p986	าแล้ว มนุษย-ชาติจะต้องพิ
HYPHEN	p990	เจ้าผู้ปราศ-จากมลทินบาปท
HYPHEN	p990	ากเมืองเยรู-ซาเล็มที่เคย
HYPHEN	p992	้องรอคอยมหา-ปุโรหิตอีกต่
PULL-QUOTE	p993	“พระบุตรของพระเจ้าผู้ปราศจากมลทินบาปทรงถูกแขวนอยู่บนไม้กางเขน.... เพื่อเจ้า พระองค์ทรงทำลายอาณาจักร แห่งความตายและเปิดประตูแห่งสวรรค์.... ทรงอดทนต่อความโกรธเกรี้ยวของความยุติธรรมของพระเจ้า และเพื่อเห็นแก่เจ้าจึงได้มาเป็นคนบาปเอง” {DA 755.1}
HYPHEN	p997	ด้วยความสยด-สยองของความม
HYPHEN	p998	งกับฐานันดร-ศักดิ์อันสูง
PULL-QUOTE	p1005	“เมื่อความขัดแย้งครั้งยิ่งใหญ่จะสิ้นสุดลง.... ทูตสวรรค์จะชื่นชนยินดีเมื่อมองดูกางเขนของพระผู้ช่วยให้รอด แม้ว่าพวกเขาจะไม่เข้าใจได้ทั้งหมด พวกเขาก็รู้ว่าบาปและซาตาน ถูกทำลายไปตลอดกาลอย่างแน่นอน.... การไถ่ของมนุษย์เป็นที่แน่นอนและจักรวาลปลอดภัยชั่วนิรันดร์.... เมื่อพระองค์ทอดพระเนตรไปภายภาคหน้าถึงเรื่องทั้งหมดนี้ พระองค์จึงทรงร้องขึ้นมาว่า ‘สำเร็จแล้ว’” {DA 764.3; DA 764.4}
HYPHEN	p1010	รถวายพระเมษ-โปดกของพระเจ
HYPHEN	p1013	ั่วกรุงเยรู-ซาเล็มคงไม่ม
HYPHEN	p1013	ออกไปจากสภา-ซันเฮดริน แล
PULL-QUOTE	p1021	“ไม่เคยมีเวลาใดที่พระคริสต์ดึงดูดความสนใจ ของฝูงชนได้เท่ากับในเวลานี้ที่พระองค์ถูกวางไว้ในอุโมงค์ฝังศพ” {DA 776.1}
PULL-QUOTE	p1031	“เมื่อเสียงของทูตสวรรค์ยิ่งใหญ๋ดังขึ้นที่อุโมงค์ฝังพระศพของพระคริสต์ว่า พระบิดาของพระองค์ทรงเรียกพระองค์แล้ว พระผู้ช่วยให้รอดเสด็จออกมาจากอุโมงค์ฝังศพด้วยชีวิตที่มีอยู่ในพระองค์เอง” {DA 785.2}
HYPHEN	p1036	ษฎีทางวิทยา-ศาสตร์ของพวก
HYPHEN	p1039	ู้ดีว่าชะตา-กรรมของพระอา
HYPHEN	p1040	าไปยังเอมมา-อูสซึ่งเป็นห
HYPHEN	p1042	านี้ว่าเหตุ-การณ์นี้เป็น
HYPHEN	p1043	ต์ พระคริสต-ธรรมภาคพันธส
HYPHEN	p1043	้ในพระคริสต-ธรรมภาคพันธส
HYPHEN	p1043	ของพระคริสต-ธรรมภาคพันธส
HYPHEN	p1043	มกับประวัติ-ศาสตร์ของพระ
HYPHEN	p1043	ธรรมภาคพันธ-สัญญาใหม่ {D
PULL-QUOTE	p1047	ในเช้าวันแห่งการทรงเป็นขึ้นจากความตาย พระคริสต์ “เองที่ทรงวางผ้าพันพระศพเหล่านั้นอย่างเอาใจใส่.... พระหัตถ์ของพระเยซูเองที่ทรงพับผ้าเหล่านั้นแต่ละชิ้นไว้อย่างเรียบร้อย และทรงวางไว้ในตำแหน่งของมัน ในสายพระเนตรของพระองค์ผู้ทรงบงการวิถี ของดวงดาวและอะตอมนั้น ไม่มีสิ่งใดที่ไม่สำคัญ ความมีระเบียบและความสมบูรณ์แบบมองเห็นได้ในพระราชกิจทั้งหมด ของพระองค์” {DA 789.3}
HYPHEN	p1047	หมู่บ้านเอม-มาอูส พวกเขา
PULL-QUOTE	p1056	“พระเยซูทรงพร้อมเสมอที่จะตรัสพระดำรัสแห่งสันติสุขกับจิตวิญญาณ ที่แบกภาระแห่งความสงสัยและความกลัว พระองค์ทรงรอให้เราเปิดประตูใจ ต้อนรับพระองค์และตรัสว่าจงมาอยู่กับเรา” {DA 803.3}
PULL-QUOTE	p1057	“พระวิญญาณบริสุทธิ์คือลมหายใจขของชีวิตฝ่ายจิตวิญญาณที่อยู่ในตัวบุคคล การประทานพระวิญญษณคือการประทานชีวิตของพระคริสต์.... มีเพียงผู้ที่พระเจ้าทรงสอนเช่นนี้และผู้ที่พระวิญญาณทรงประกอบกิจ อยู่ภายในและผู้ที่ในชีวิตแสดงออกถึงชีวิตของพระคริสต์เท่านั้น ที่จะเป็นตัวแทนมนุษย์เพื่อปฏิบัติพันธกิจในนามของคริสตจักรได้“ {DA 805.3}
HYPHEN	p1062	งแรกโดยปราศ-จากความเชื่อ
HYPHEN	p1067	วกเขา มนุษย-ชาติถูกห้อมล
HYPHEN	p1067	ลายกรุงเยรู-ซาเล็มและควา
PULL-QUOTE	p1068	เมื่อ “พระเยซูทรงบอกให้พวกเขาหย่อนอวนลงทางด้านขวาของเรือนั้น เป็นเพราะ....ด้านนั้นคือด้านที่พระองค์ประทับอยู่บนฝั่ง ด้านนั้นเป็นด้าน ของความเชื่อ หากพวกเขาทำงานรับใช้โดยมีความสัมพันธ์กับพระองค์ ซึ่งหมายความว่ามีอำนาจของพระเจ้าผสานเข้ากับการลงแรงของมนุษย์แล้ว พวกเขาจะไม่พลาดจากความสำเร็จ” {DA 810.5}
PULL-QUOTE	p1069	“พระเยซูทรงบัญชาว่า ‘จงตามเราเถิด’ อย่านำหน้าเรา เพื่อเจ้าจะไม่ต้องไปเผชิญหน้ากับ บรรดาสมุนของซาตานโดยลำพัง ให้เรานำหน้าเจ้าไป และศัตรูจะเอาชนะเจ้าไม่ได้” {DA 816.1}
HYPHEN	p1082	ภาพที่คริสต-จักรขาดความเ
HYPHEN	p1082	ีวิตในคริสต-จักรที่พร้อม
PULL-QUOTE	p1087	“พระคริสต์ประทับเป็นภาพเหมือนของพระองค์ในตัวสาวกทุกคน.... ในทุกคนจะต้องเปิดเผยให้โลกเห็นความรักที่อดทนนาน ความริสุทธิ์ ความนอบน้อม ความเมตตาและความจริงของพระคริสต์” {DA 826.3}
HYPHEN	p1091	งภูเขามะกอก-เทศแล้ว พระเ
HYPHEN	p1096	หากความยุติ-ธรรมของพระอง
HYPHEN	p1096	ระองค์ปรารถ-นาให้คนเหล่า
PULL-QUOTE	p1097	พระเยซูตร้สว่า “ทุกสิ่งที่เกิดขึ้นในชีวิตของพระองค์ได้ถูกลิขิตไว้แล้ว ในสวรรค์จากการปรึกษาร่วมกันระหว่างพระบิดากับพระองค์เอง ทั้งหมดได้รับการเปิดเผยไว้ล่วงหน้าผ่านมนุษย์ที่พระวิญญาณบริสุทธิ์ ทรงดลใจ....ในเรื่องของการปฏิเสธว่าเราเป็นพระเมสสิยาห์นั้น ได้เกิดขึ้นแล้ว ทุกเรื่องที่เรากล่าวถึงเกี่ยวกับความอัปยศที่เราจะต้องแบกรับ และความตายที่เราจะต้องเผชิญล้วนเกิดขึ้นแล้ว ท่านจะต้องขยันขันแข็งใส่ใจศึกษาพระคัมภีร์ให้มากขึ้น.... คำพยากรณ์ที่กล่าวเจาะจงถึงเรานี้ได้สำเร็จเป็นจริงแล้ว” {DA 820.1}
DOUBLED-MARK	p211	รทดลองมาสู่่ยอห์น ถึงแ -> one ่
DOUBLED-MARK	p358	ำระให้บริสุุทธิ์ของพระ -> one ุ
DOUBLED-MARK	p368	้าและมนุษย์์ ความเป็นพ -> one ์
DOUBLED-MARK	p636	งส่วนลึกที่่สุดของแรงจ -> one ่
DOUBLED-MARK	p648	เรา พระองค์์ทรงสละพระส -> one ์
DOUBLED-MARK	p831	าอย่างไร ก็็จงปรนนิบัต -> one ็
DOUBLED-MARK	p994	 28:12 ลูซีิเฟอร์เคยเป -> one ี
DUPLICATE-TAG	DA 474.2	2
MISSING-TAG	DA 17.7	English chapter 0
MISSING-TAG	DA 17.8	English chapter 0
MISSING-TAG	DA 48.6	English chapter 4
MISSING-TAG	DA 62.5	English chapter 6
MISSING-TAG	DA 76.2	English chapter 8
MISSING-TAG	DA 100.5	English chapter 10
MISSING-TAG	DA 103.6	English chapter 10
MISSING-TAG	DA 124.4	English chapter 13
MISSING-TAG	DA 134.3	English chapter 14
MISSING-TAG	DA 134.4	English chapter 14
MISSING-TAG	DA 237.5	English chapter 24
MISSING-TAG	DA 245.4	English chapter 25
MISSING-TAG	DA 282.3	English chapter 29
MISSING-TAG	DA 474.1	English chapter 51
MISSING-TAG	DA 672.4	English chapter 73
MISSING-TAG	DA 833.3	English chapter 87
MISSING-TAG	DA 833.4	English chapter 87
MISSING-TAG	DA 833.5	English chapter 87
MISSING-TAG	DA 833.8	English chapter 87
MISSING-TAG	DA 833.9	English chapter 87
MISSING-TAG	DA 833.10	English chapter 87
MISSING-TAG	DA 833.11	English chapter 87
TITLE	chapter 8	contents: ทรงเข้าร่วมเทศการปัสกา | opening page: ทรงเข้าร่วมเทศกาลปัสกา
TITLE	chapter 19	taken from the contents: ที่บ่อน้ำยาโคบ
TITLE	chapter 22	taken from the contents: การจำคุกและการตายของยอห์น
TITLE	chapter 28	taken from the contents: เลวีมัทธิว
TITLE	chapter 40	contents: คำคืนหนึ่งบนทะเลสาบ | opening page: ค่ำคืนหนึ่งบนทะเลสาบ
TITLE	chapter 68	taken from the contents: ณ ลานพระวิหารชั้นนอก
TITLE	chapter 76	taken from the contents: ยูดาส
TITLE	chapter 83	contents: การเดินไปยังหมู่บ้านเอมมาอูส | opening page: การเดินทางไปยังหมู่บ้านเอมมาอูส
