file	printed	action	codes	split before
DA00	DA 18.1	RECODE	DA 17.7	
DA00	DA 18.2	RECODE	DA 17.8	
DA51	DA 474.2#1	RECODE	DA 474.1	
DA04	DA 47.5	SPLIT	DA 47.5|DA 48.1	“พระสิริจงมีแด่พระเจ้า
DA04	DA 48.1	RECODE	DA 48.2	
DA04	DA 48.2	RECODE	DA 48.3	
DA04	DA 48.3	RECODE	DA 48.4	
DA04	DA 48.4	RECODE	DA 48.5	
DA04	DA 48.5	RECODE	DA 48.6	
DA06	DA 62.1	SPLIT	DA 62.1|DA 62.2	‘บ้านเบธเลเฮมในแผ่นดิน
DA06	DA 62.2	RECODE	DA 62.3	
DA06	DA 62.3	RECODE	DA 62.4	
DA06	DA 62.4	RECODE	DA 62.5	
DA08	DA 75.2	SPLIT	DA 75.2|DA 76.1	“เยรูซาเล็มเอ๋ย เท้า
DA08	DA 76.1	RECODE	DA 76.2	
DA10	DA 100.1	SPLIT	DA 100.1|DA 100.2	“ทารกเอ๋ย เขาจะเรียก
DA10	DA 100.2	RECODE	DA 100.3	
DA10	DA 100.3	RECODE	DA 100.4	
DA10	DA 100.4	RECODE	DA 100.5	
DA10	DA 103.4	SPLIT	DA 103.4|DA 103.5	“และทรงระลึกถึงพันธสั
DA10	DA 103.5	RECODE	DA 103.6	
DA13	DA 124.1	SPLIT	DA 124.1|DA 124.2	‘พระเจ้าจะรับสั่งเรื่
DA13	DA 124.2	RECODE	DA 124.3	
DA13	DA 124.3	RECODE	DA 124.4	
DA14	DA 134.5	SPLIT	DA 134.3|DA 134.4|DA 134.5	“ข้าพเจ้าไม่ใช่เอลีย|“ท่านเป็นผู้เผยพระวจ
DA24	DA 236.4	SPLIT	DA 236.4|DA 237.1	“พระวิญญาณขององค์พระ
DA24	DA 237.1	RECODE	DA 237.2	
DA24	DA 237.2	RECODE	DA 237.3	
DA24	DA 237.3	RECODE	DA 237.4	
DA24	DA 237.4	RECODE	DA 237.5	
DA25	DA 245.1	SPLIT	DA 245.1|DA 245.2	“แคว้นเศบูลุน
DA25	DA 245.2	RECODE	DA 245.3	
DA25	DA 245.3	RECODE	DA 245.4	
DA29	DA 282.1	SPLIT	DA 282.1|DA 282.2	“พระองค์ทรงทำให้ข้าพ
DA29	DA 282.2	RECODE	DA 282.3	
DA73	DA 672.3	SPLIT	DA 672.3|DA 672.4	“ประชาชาติทั้งสิ้นเอ๋
DA87	DA 833.6	SPLIT	DA 833.3|DA 833.4|DA 833.5|DA 833.6|DA 833.7|DA 833.8|DA 833.9|DA 833.10	“ประตูเมืองเอ๋ย|ทูตสวรรค์ที่รออยู่ตรงประตูทางเข้าถามว่า|“กษัตริย์ผู้ทรงพระสิรินั้นคือผู้ใด?”|พวกเขาถามเช่นนี้|“คือพระยาห์เวห์ ผู้ทรงเข้มแข็ง|อีกครั้งทูตสวรรค์ที่|“คือพระยาห์เวห์จอมทั
DA87	DA 833.7	RECODE	DA 833.11	
