# kind	where	detail
JOIN-SPACE	p4	White Estate | “ข้าพเจ้าเห็
JOIN-SPACE	p6	........ (7) | บทนำของคณะผู
JOIN-SPACE	p6	........ (8) | คำนำของผู้ปร
JOIN-SPACE	p6	....... (10) | 1 ความพินาศข
NO-TAG	GC00_front_print_th.typ p2	แปลจาก: White EG. The Great Controversy (1911)
NO-TAG	GC00_front_print_th.typ p2	Ellen G. White Estate #italic[“ข้าพเจ้าเห็นฟ้าสวรรค์ใหม่และแ
NO-TAG	GC00_front_print_th.typ p4	วิวรณ์ 21:1 มีคาห์ 4:8 สดุดี 37:29 วิวรณ์ 22:5 1 โครินธ์ 2:9
NO-TAG	GC00_front_print_th.typ p6	อารัมภบท....................................................
NO-TAG	GC00_intro_print_th.typ p8	หนังสือ “ปลายทางแห่งความหวัง” (ฉบับสมบูรณ์) ที่ท่านถืออยู่ใน
NO-TAG	GC00_intro_print_th.typ p9	ท่านผู้อ่านที่เคารพ หนังสือเล่มนี้ ไม่ได้พิมพ์ไว้เพื่อบอกว่า
NO-TAG	GC00_intro_print_th.typ p9	แต่ในบางขณะของชีวิต ไม่ว่าจะด้วยเหตุผลใดก็ตาม จะเกิดแรงดลใจท
NO-TAG	GC00_intro_print_th.typ p9	มีองค์ประกอบยิ่งใหญ่อะไรบ้างที่พัวพันอยู่กับเรื่องนี้ ความขั
NO-TAG	GC00_intro_print_th.typ p9	ปัญหาที่เข้ามาใกล้ตัวยิ่งกว่านี้คือความขัดแย้งในใจของเราเอง 
NO-TAG	GC00_intro_print_th.typ p9	ท่านผู้อ่านที่เคารพ หนังสือเล่มนี้มีจุดประสงค์ที่ต้องการช่วย
NO-TAG	GC00_intro_print_th.typ p9	เพื่อให้เราเข้าใจหลักการต่างๆ ของความขัดแย้งยิ่งใหญ่ที่พัวพั
NO-TAG	GC00_intro_print_th.typ p9	หนังสือเล่มนี้เริ่มต้นที่เหตุการณ์ประวัติศาสตร์อันน่าเศร้าขอ
NO-TAG	GC00_intro_print_th.typ p10	หนังสือเล่มนี้นำเสนอให้เห็นอย่างตรงไปตรงมา อย่างชัดเจน อย่าง
NO-TAG	GC00_intro_print_th.typ p10	ที่สุดแล้ว หนังสือเล่มนี้บอกเราถึงชัยชนะที่จะอยู่อย่างนิรันด
NO-TAG	GC00_intro_print_th.typ p10	หนังสือเล่มนี้เริ่มพิมพ์ครั้งแรกเมื่อปี ค.ศ. 1888 ตามด้วยฉบั
NO-TAG	GC00_intro_print_th.typ p10	หนังสือเล่มนี้ที่พิมพ์ออกมาหลายครั้งแล้วนั้นนำจิตวิญญาณมายมา
NO-TAG	GC00_intro_print_th.typ p10	#italic[คณะผู้จัดพิมพ์ฉบับภาษาอังกฤษ]
NO-TAG	GC00_intro_print_th.typ p17	จุดประสงค์ของหนังสือเล่มนี้คือ เพื่อเปิดเผยภาพของความขัดแย้ง
JOIN-SPACE	p18	” | สดุดี 48:2 ภ
JOIN-SPACE	p19	งค์จะทรงเป็น | “เหมือนลูกแก
LINE-HYPHEN	p19	กไปไม่ไกลนักคือภูเขาคาล- | วารี สถานที่แห่งการตรึงก
LINE-HYPHEN	p19	่ซึ่งอิสอัคบุตรแห่งพันธ- | สัญญาผู้เป็นเหยื่อที่อยู
JOIN-SPACE	p19	พงศาวดาร 21) | อันเป็นสัญลั
JOIN-SPACE	p20	ะองค์ทรงเป็น | “พระยาห์เวห์
JOIN-SPACE	p21	” | อิสยาห์ 5:1-
JOIN-SPACE	p23	ผู้รับผิดชอบ | “แต่พวกท่านก
JOIN-SPACE	p26	” | มัทธิว 24:2 
JOIN-SPACE	p28	หลายจึงสร้าง | “ศิโยนด้วยโล
JOIN-SPACE	p29	” | อิสยาห์ 30:1
JOIN-SPACE	p30	ระองค์ที่ว่า | “ท่านทั้งหลา
JOIN-SPACE	p31	” | “วิบัติ วิบั
JOIN-SPACE	p32	ที่มีอยู่ว่า | “ผู้หญิงจะลื
JOIN-SPACE	p32	้อความที่ว่า | “ผู้หญิงสำรว
JOIN-SPACE	p33	” | มัทธิว 27:25
JOIN-SPACE	p37	” | มัทธิว 24:33
LINE-HYPHEN	p41	ที่ลี้ภัยในสถานที่เปล่า- | เปลี่ยวห่างไกลจากผู้คน “
LINE-HYPHEN	p44	กลับใจใหม่และให้ชำระจิต- | วิญญาณของตนให้บริสุทธิ์โ
LINE-HYPHEN	p45	วกเผชิญหน้ากับคนในคริสต- | จักรที่แสดงตัวว่าเคร่งศา
LINE-HYPHEN	p46	าทนต่อความผิดที่จะนำจิต- | วิญญาณของตนไปสู่ความตาย 
LINE-HYPHEN	p47	ของพระองค์ตำหนิความเห็น- | แก่ตัวและความเสื่อมทรามใ
JOIN-SPACE	p50	” | และยิ่งกว่าน
JOIN-SPACE	p51	ผู้เป็นเจ้า” | (โปรดดูภาคผน
JOIN-SPACE	p51	” | ลูกา 4:8 พระ
JOIN-SPACE	p52	ัวออกห่างจาก | “หลักความเชื
JOIN-SPACE	p52	” | ยูดา 3 {GC 5
JOIN-SPACE	p52	 ด้วยตรัสว่า | “พระคัมภีร์เ
LINE-HYPHEN	p53	อาทิตย์ให้เป็นวันนักขัต- | ฤกษ์ของรัฐตลอดทั่วทั้งจั
JOIN-SPACE	p53	จักรวรรดิโรม | (โปรดดูภาคผน
JOIN-SPACE	p55	วรณ์ 13:5-7) | (โปรดดูภาคผน
JOIN-SPACE	p57	อเฟซัส 6:17) | {GC 56.2}
LINE-HYPHEN	p58	เหสีและคนรับใช้ที่จงรัก- | ภักดีของพระองค์ข้ามเทือก
JOIN-SPACE	p58	กทั้งหลายว่า | “ถ้าใครต้องก
JOIN-SPACE	p59	รดดูภาคผนวก) | {GC 58.3}
JOIN-SPACE	p59	บลบมลทินบาป” | พระสันตะปาปา
JOIN-SPACE	p60	” นั้น | “เมามายด้วยโ
JOIN-SPACE	p60	” | วิวรณ์ 17:15
LINE-HYPHEN	p61	ญญาเกิดขึ้นกับคริสตอาณา- | จักร {GC 60.2}
JOIN-SPACE	p61	างถูกต้องว่า | “ประชากรของเ
LINE-HYPHEN	p64	งระบอบเปปาซีนั้น ชาววอล- | เดนซิสจะปรากฏอยู่ในระดับ
JOIN-SPACE	p65	” | ยูดา 3 “คริส
LINE-HYPHEN	p65	หตุโดดเด่นที่ทำให้คริสต- | จักรแท้จริงต้องแยกตัวออก
JOIN-SPACE	p65	ติของพระเจ้า | (ดูภาคผนวก) 
JOIN-SPACE	p65	มภีร์ฉบับแปล | (โปรดดูภาคผน
JOIN-SPACE	p65	รปฏิรูปศาสนา | [Reformation
LINE-HYPHEN	p66	่ พวกเขาประกาศว่า คริสต- | จักรแห่งโรมเป็นกรุงบาบิโ
LINE-HYPHEN	p69	ด้รับการสอนสั่งจากศิษยา- | ภิบาลของพวกเขา ถึงแม้ว่า
LINE-HYPHEN	p69	วกเขาท่องจำพระคริสตธรรม- | กิตติคุณมัทธิวและยอห์นได
JOIN-SPACE	p73	ตือรือร้นว่า | “พระโลหิตของ
JOIN-SPACE	p74	ล้วซ้ำอีกว่า | “ถ้าไม่มีควา
JOIN-SPACE	p74	กมาบ่อยๆ ว่า | “พระเจ้าจะยอ
JOIN-SPACE	p76	” | มัทธิว 25:40
JOIN-SPACE	p78	ยอห์น ไวคลิฟ | [John Wyclif
LINE-HYPHEN	p80	ะปาปาเรียกเก็บจากพระมหา- | กษัตริย์แห่งประเทศอังกฤษ
JOIN-SPACE	p81	รี ประกาศว่า | “แม้ว่าบิดาข
LINE-HYPHEN	p81	ะทำที่โหดเหี้ยมไร้มนุษย- | ธรรม” นี้ว่า “บ่งบอกถึงล
JOIN-SPACE	p82	วเราจะพินาศ” | D’Aubigné เล
LINE-HYPHEN	p84	าละอายไหลบ่าจนท่วมคริสต- | จักร ในเวลาเดียวกัน นักป
JOIN-SPACE	p85	พระกิตติคุณ” | แต่ผลงานยิ่ง
JOIN-SPACE	p86	ั่นอยู่บ่อยๆ | “ข้าพเจ้ายัง
LINE-HYPHEN	p86	ธรรมโดดเด่นของชาวโปรเตส- | แตนต์คือ ความรอดโดยความเ
LINE-HYPHEN	p88	ิดถึงเหตุการณ์ เขาเรียก- | ร้องคณะผู้พิจารณาเขาที่อ
JOIN-SPACE	p92	” | สดุดี 119:13
JOIN-SPACE	p98	มใจที่จะตาย” | Bonnechose, 
JOIN-SPACE	p98	” | 2 โครินธ์ 13
LINE-HYPHEN	p99	้อาวุธเหล่านี้มา อสังหา- | ริมทรัพย์ ตำแหน่งและของป
LINE-HYPHEN	p100	สภานัดทั่วไปที่เมืองคอน- | สแตนซ์ คำสั่งนี้มีขึ้นตา
LINE-HYPHEN	p100	รงพระดำเนินเข้าเมืองคอน- | สแตนซ์ด้วยความโอ่อ่าตระก
LINE-HYPHEN	p100	งานสี่คนของศาลของพระมหา- | กษัตริย์ ฝูงชนขนาดใหญ่เด
JOIN-SPACE	p101	 เขากล่าวว่า | “พี่น้องของข
JOIN-SPACE	p103	่อพิสูจน์ว่า | “ความเชื่อต้
JOIN-SPACE	p105	สเช่นนี้แล้ว | “พระราชาคณะก
JOIN-SPACE	p105	ริ่มร้องเพลง | “พระเยซู บุต
JOIN-SPACE	p106	 นำเขาไปเผา” | Bonnechose เ
JOIN-SPACE	p109	้องขึ้นมาว่า | “เราต้องการข
JOIN-SPACE	p109	อรั้นที่สุด” | {GC 114.1}
JOIN-SPACE	p109	วามหมายแล้ว” | {GC 114.5}
JOIN-SPACE	p110	ป็นคำอธิษฐาน | “พระองค์เจ้า
LINE-HYPHEN	p113	่ายโลก และในกรณีของอาชญ- | กรรม อำนาจตัดสินคดีของศา
LINE-HYPHEN	p116	ใหญ่เพื่อการปฏิรูปคริสต- | จักร และเพื่อความกระจ่าง
LINE-HYPHEN	p116	ระเจ้าและปฏิบัติตามจริย- | ธรรมอันดีของคริสเตียน บ่
LINE-HYPHEN	p116	างไกลขึ้น ด้วยชีวิตตราก- | ตรำของพวกเขาที่พอจะเอื้อ
JOIN-SPACE	p118	าและอุทานว่า | “โอ หากพระเจ
LINE-HYPHEN	p118	ขาดำเนินชีวิตอย่างเคร่ง- | ครัดด้วยการอดอาหาร การเฝ
JOIN-SPACE	p119	รักท่านก่อน” | Ibid. เล่มที
JOIN-SPACE	p120	่คุกเข่าขึ้น | “บันไดปีลาต”
JOIN-SPACE	p120	” | โรม 1:17 เขา
JOIN-SPACE	p121	” | มัทธิว 10:34
JOIN-SPACE	p122	ของคนแลกเงิน | (มัทธิว 21: 
JOIN-SPACE	p123	และเอาชนะบาป | (โปรดดูภาคผน
JOIN-SPACE	p124	ิทธิ์ที่สุด” | D’Aubigné เล
LINE-HYPHEN	p125	แพร่กระจายของมันในคริสต- | จักรได้อย่างไร พวกเขาอ่า
LINE-HYPHEN	p126	าที่ชั้นสูงของทั้งคริสต- | จักรและรัฐต่างยอมรับว่าบ
LINE-HYPHEN	p126	งตนต่อต้านอำนาจของคริสต- | จักร เขาบันทึกไว้ว่า “ข้
LINE-HYPHEN	p126	ความยิ่งใหญ่ของพระสันตะ- | ปาปา ผู้ซึ่ง...พระราชาทั
JOIN-SPACE	p127	การณ์มาแล้ว” | Ibid. เล่มที
LINE-HYPHEN	p128	ว่าเป็นคนนอกรีตแล้ว ผู้- | แทนของพระสันตะปาปาจึงสั่
JOIN-SPACE	p128	ู้แทนมีอำนาจ | “เนรเทศเขาใน
JOIN-SPACE	p128	ัพพาชนียกรรม | [กรรมที่สงฆ์
JOIN-SPACE	p128	วข้องกับเขา” | Ibid. เล่มที
LINE-HYPHEN	p128	ี่กว้างขวางและความคล่อง- | แคล่วในวาทะรวมทั้งความบร
LINE-HYPHEN	p131	์ของเจ้า เราจะบัพพาชนีย- | กรรมเจ้าและพรรคพวกทั้งหม
JOIN-SPACE	p131	ด้กลับมาอีก” | D’Aubigné, L
LINE-HYPHEN	p132	ควรได้รับการทรมานในอุดม- | การณ์ที่ศักดิ์สิทธิ์เช่น
LINE-HYPHEN	p133	ป็นพันตื่นจากความเซื่อง- | ซึมเหมือนตายมาสู่ความชื่
LINE-HYPHEN	p133	้งบรรดาดุษฎีบัณฑิตในมหา- | วิทยาลัยคาทอลิกทั้งหลายต
JOIN-SPACE	p134	ธอร์กล่าวว่า | “พวกเรารวมทั
LINE-HYPHEN	p135	นดนี้แล้วจะถูกบัพพาชนีย- | กรรม {GC 141.1}
LINE-HYPHEN	p137	มจริงแห่งยุคสำหรับคริสต- | จักรในปัจจุบันนี้ด้วย พร
JOIN-SPACE	p137	องพระองค์ว่า | “ถ้าพวกท่านเ
JOIN-SPACE	p138	่างชัดเจนว่า | “วิบัติเมื่อ
LINE-HYPHEN	p141	ให้สอบสวนคดีที่พระสันตะ- | ปาปาทรงตัดสินประหารชีวิต
JOIN-SPACE	p142	ะการแก้แค้น” | “มากกว่าด้วย
JOIN-SPACE	p142	่วมประชุมกัน | “เขามีของประ
JOIN-SPACE	p142	เขาประกาศว่า | “ความผิดของล
JOIN-SPACE	p142	แก่คนอ่อนแอ” | D’Aubigné เล
JOIN-SPACE	p144	ดขึ้นให้ได้” | Ibid. เล่มที
LINE-HYPHEN	p144	วต่อพวกเขา ในที่สุดจักร- | พรรดิทรงยอมตามคำเรียกร้อ
LINE-HYPHEN	p145	หล่านี้มายังเมืองวิตเทน- | เบิร์กและเขาได้รับภารกิจ
JOIN-SPACE	p145	ยอันน้อยนิด” | Ibid. เล่มที
LINE-HYPHEN	p146	หนึ่งเคยทำงานจำเจที่คอน- | แวนต์แห่งนี้ก็ก้าวขึ้นธร
JOIN-SPACE	p147	ับยอห์น ฮัส” | ลูเธอร์ตอบว่
JOIN-SPACE	p147	ไหวประกาศว่า | “แม้ว่าในกรุ
JOIN-SPACE	p148	กันข้าพเจ้า” | {GC 153.3}
JOIN-SPACE	p148	ึงพระเยซูว่า | “มีผีเข้าสิง
JOIN-SPACE	p149	ทอดทิ้งท่าน” | D’Aubigné เล
JOIN-SPACE	p150	ำของพระเจ้า” | D’Aubigné เล
LINE-HYPHEN	p151	ดยความอ่อนแอของเขา อุดม- | การณ์ของสัจธรรมอาจได้รับ
LINE-HYPHEN	p152	รดใส่ใจฟังการปกป้องอุดม- | การณ์เรื่องหนึ่งที่ข้าพเ
JOIN-SPACE	p153	ริสต์ตรัสว่า | ‘เราไม่ได้นำ
JOIN-SPACE	p153	าณาจักรของตน | ‘พระองค์ผู้ท
JOIN-SPACE	p154	อกให้ทราบว่า | “พระนักบวชอง
LINE-HYPHEN	p155	ปาซีทั้งหลายรู้สึกเดือด- | ดาลที่อำนาจของพวกเขาซึ่ง
LINE-HYPHEN	p155	าชาและพระราชาคณะหมดความ- | หมาย ระบอบเปปาซีต้องรับภ
LINE-HYPHEN	p156	ียว ในวันต่อมาหลังจากคำ- | ตอบของลูเธอร์ จักรพรรดิช
JOIN-SPACE	p156	รีตที่เขาสอน | “พระนักบวชเพ
JOIN-SPACE	p156	ว้นทั้งหลาย” | Ibid. เล่มที
JOIN-SPACE	p157	่ไม่เชื่อว่า | “ถ้าเราไม่ได
JOIN-SPACE	p158	ยโสสารภาพว่า | “เจ้าจะชวนเร
JOIN-SPACE	p158	เข้ามาหาเขา” | Martyn เล่มท
JOIN-SPACE	p159	์สิทธิ์แล้ว” | Ibid. เล่มที
JOIN-SPACE	p159	กข้อหนึ่งว่า | “ข้าพเจ้ายิน
LINE-HYPHEN	p159	่พระวจนะของพระเจ้านั้น-- | ไม่มีทาง” Ibid. เล่มที่ 
LINE-HYPHEN	p159	ีทางของการปลดปล่อยคริสต- | จักรและเริ่มยุคที่ใหม่แล
LINE-HYPHEN	p159	ิ้นยุคซึ่งต้องผ่านประสบ- | การณ์ที่คล้ายคลึงกัน อำน
JOIN-SPACE	p160	ใหญ่กว่ามัน” | D’Aubigné เล
JOIN-SPACE	p160	จักรพรรดิว่า | “พระเจ้าผู้ท
LINE-HYPHEN	p160	ับนักบวชที่ถูกบัพพาชนีย- | กรรมแล้วผู้นี้ ผู้ปกครอง
JOIN-SPACE	p160	น์ และพูดว่า | “ข้าพเจ้าไม่
JOIN-SPACE	p160	ถูกประณามว่า | “เป็นซาตานที
LINE-HYPHEN	p161	รวางแผน ตราบใดที่อิเล็ก- | เตอร์ไม่ทรงทราบเรื่องของ
LINE-HYPHEN	p165	่าๆ เป็นครั้งแรก วิทเทม- | บากครูสอนภาษาโบราณคนหนึ่
JOIN-SPACE	p166	รับข้าพเจ้า” | Ibid. เล่มที
LINE-HYPHEN	p167	์ในคอนแวนต์ที่เมืองไอน์- | ซีเดน ที่นี่เองเขาจะได้เ
JOIN-SPACE	p167	นิรันดร์กาล” | Ibid. เล่มที
LINE-HYPHEN	p168	ของสวิงก์ลีที่เมืองไอน์- | ซีเดนฝึกเขาให้ทำงานในขอบ
JOIN-SPACE	p169	อที่แท้จริง” | Ibid. เล่มที
LINE-HYPHEN	p170	่งทุกๆ บ้านในประเทศสวิส- | เซอร์แลนด์และโดยเฉพาะการ
JOIN-SPACE	p170	ซื้อมากขึ้น” | Ibid. เล่มที
LINE-HYPHEN	p172	ละเมิดกฎระเบียบของคริสต- | จักร การทำเช่นนี้จะคุกคา
JOIN-SPACE	p172	ี่เมืองซูริค | “ซึ่งมีความส
JOIN-SPACE	p172	้” เขาพูดว่า | “คริสต์ศาสนา
JOIN-SPACE	p173	้รับความรอด” | D’Aubigné Lo
LINE-HYPHEN	p173	เทศเยอรมนี พวกเขาตัดสิน- | ใจที่จะใช้วิธีหนามยอกเอา
JOIN-SPACE	p174	คเนียสพูดว่า | “ด้วยการใคร่
JOIN-SPACE	p175	เคร่งขรึมว่า | “ข้าพเจ้าไม่
JOIN-SPACE	p175	ะของพระเจ้า” | Ibid. เล่มที
LINE-HYPHEN	p175	งถูกตัดขาดออกไปจากคริสต- | จักร แต่ผลของการประชุมเผ
LINE-HYPHEN	p176	รไปแล้ว มีการร่ำไห้คร่ำ- | ครวญอย่างทุกข์ระทมไม่เพี
LINE-HYPHEN	p176	ียนของเขาด้วยความกระตือ- | รือร้นมากกว่าเดิม มีคนจำ
JOIN-SPACE	p178	รั้งหนึ่งว่า | “หากข้าพเจ้า
JOIN-SPACE	p179	เมืองของเรา” | Ibid. เล่มที
JOIN-SPACE	p179	องความเชื่อ” | Ibid. เล่มที
JOIN-SPACE	p181	อสัมภาษณ์เขา | [ลูเธอร์] เข
JOIN-SPACE	p181	ณ พระวิญญาณ’ | แน่นอนที่สุด
JOIN-SPACE	p181	ี่ตัวเขาเอง” | Ibid. เล่มที
LINE-HYPHEN	p183	ี่เป็นงานของซาตานที่กระ- | ตุ้นด้วยวิญญาณของการกบฏซ
LINE-HYPHEN	p183	ี่ไม่สูงไปกว่าการจินตนา- | การขึ้นเองแต่กลับมีอิทธิ
LINE-HYPHEN	p184	คริสตธรรมคัมภีร์ภาคพันธ- | สัญญาใหม่จนเสร็จสมบูรณ์แ
LINE-HYPHEN	p184	ร์มากเพียงไร ความกระตือ- | รือร้นของประชาชนที่อยากร
JOIN-SPACE	p188	งผู้คัดค้าน” | D’Aubigné เล
LINE-HYPHEN	p189	ว้นทั้งหลายที่เป็นอีแวน- | เจลิคัล [Evangelical กลุ
LINE-HYPHEN	p189	ละความผิดเก่าๆ ของคริสต- | จักร เราจะปฏิเสธเรื่องแร
LINE-HYPHEN	p189	มาก่อนอย่างถูกต้องตามกฎ- | หมายและรัฐที่เป็นอีแวนเจ
LINE-HYPHEN	p189	รียกให้ขึ้นมาปกป้องอุดม- | การณ์ของพระองค์ในยามฉุกเ
LINE-HYPHEN	p190	ทนที่ของเขา อิเล็กเตอร์- | เฟรเดอริคแห่งแคว้นแซกโซน
JOIN-SPACE	p190	กเป็นเดิมพัน | “หัวหน้าการป
JOIN-SPACE	p191	ต้องการที่จะ | “สละทิ้งทุกส
JOIN-SPACE	p192	เผาทั้งเป็น” | Ibid. เล่มที
LINE-HYPHEN	p193	ราขึ้นในรูปแบบของพระบรม- | ราชโองการ” และ “ทางออกที
JOIN-SPACE	p193	ือหรือโต้ตอบ | “พวกเขาส่งคณ
JOIN-SPACE	p193	ต่ไม่เกิดผล” | พระองค์ทรงตอ
JOIN-SPACE	p193	ะจอมเจ้านาย” | Ibid. เล่มที
JOIN-SPACE	p193	องจิตวิญญาณ” | {GC 202.4}
LINE-HYPHEN	p194	ใจในความยุติธรรมของอุดม- | การณ์ของพวกเขา พวกเขาพึ่
JOIN-SPACE	p195	สของพระเจ้า” | Ibid. เล่มที
LINE-HYPHEN	p196	นึ่งนาทีกษัตริย์เฟอร์ดิ- | นันด์จะส่งเจ้าหน้าที่ฝ่า
LINE-HYPHEN	p196	ฑิตท่านหนึ่งของพระสันตะ- | ปาปาได้เทศนากล่าวเรื่องน
LINE-HYPHEN	p196	ก เจ้าผู้ครองแคว้นอีแวน- | เจลิคัลถูกปฏิเสธการรับฟั
JOIN-SPACE	p197	ไปหน่อยหรือ” | แต่คนอื่นๆ ป
JOIN-SPACE	p197	ง่าผ่าเผยว่า | “ขอให้เจ้าผู
JOIN-SPACE	p197	ดทิ้งพวกเรา” | Ibid. เล่มที
LINE-HYPHEN	p198	หนดไว้เพื่อเข้าเฝ้าจักร- | พรรดิมาถึงแล้ว จักรพรรดิ
LINE-HYPHEN	p198	 ในโอกาสนี้ สิ่งที่จักร- | พรรดิทรงประกาศห้ามเทศนาบ
LINE-HYPHEN	p198	ทรงประกาศห้ามเทศนาบนธรร- | มาสน์กลับถูกนำมาประกาศใน
JOIN-SPACE	p199	มดร. เอค ว่า | “ท่านจะใช้เห
JOIN-SPACE	p199	ม่” คำตอบคือ | “หากจะใช้งาน
JOIN-SPACE	p200	์จะประกาศว่า | “พระเจ้าผู้เ
JOIN-SPACE	p200	กเขาอธิษฐาน” | D’Aubigné, L
JOIN-SPACE	p200	ัยของเขาเอง” | Ibid. เล่มที
JOIN-SPACE	p201	ื่อการศึกษา” | ในห้องส่วนตั
JOIN-SPACE	p201	้าด้วยถ้อยคำ | “ที่เปี่ยมด้
JOIN-SPACE	p201	ะเจ้าของเรา” | เขาพูด “และพ
JOIN-SPACE	p201	บิดาเจ้าข้า” | Ibid. เล่มที
LINE-HYPHEN	p201	งกัดกินท่านอยู่ หากอุดม- | การณ์นั้นไม่ยุติธรรม สลั
JOIN-SPACE	p204	ระสันตะปาปา” | Wylie เล่มที
LINE-HYPHEN	p204	าออกไปให้พ้นจากพระสันตะ- | ปาปาและมอบถวายแด่พระเยซู
LINE-HYPHEN	p205	ึ่งกษัตริย์เองและพระราช- | ชนนีให้ความเห็นชอบกับเรื
JOIN-SPACE	p206	ะคัมภีร์นั้น | “ไม่ใช่หลักค
JOIN-SPACE	p206	งประเทศ เบซา | [Beza] กล่าว
LINE-HYPHEN	p207	เล่ามีคำเตือนมาถึงเบอร์- | ควินแจ้งถึงภัยอันตรายที่
LINE-HYPHEN	p207	่าเอาตัวข้าพเจ้าไปประนี- | ประนอมกับคณะศาสนศาสตร์” 
LINE-HYPHEN	p208	นักบวชที่จะใช้แก้ไขสถาน- | การณ์ของฝ่ายตนได้เป็นอย่
LINE-HYPHEN	p208	ทรงพระชนม์และทรงสิ้นพระ- | ชนม์และทรงเป็นขึ้นมาจากค
LINE-HYPHEN	p209	างต่ำช้าให้กับอาณาประชา- | ราษฎร์ของปี ค.ศ. 1793 ใน
JOIN-SPACE	p210	” | ฟีลิปปี 1:12
LINE-HYPHEN	p210	กระจัด- | กระจายไปก็เที่ยวประกาศพร
JOIN-SPACE	p210	” | กิจการ 8:4 ด
LINE-HYPHEN	p211	งอย่างเคร่งครัดต่อคริสต- | จักร เขาทราบดีว่าความเชื
JOIN-SPACE	p211	พึงรังเกียจ” | Martyn เล่มท
LINE-HYPHEN	p211	ว่าเขาไม่มีทางจะเป็นบาท- | หลวงแล้ว เขาจึงหันไปศึกษ
JOIN-SPACE	p212	ขา เขาพูดว่า | “เป็นเรื่องว
LINE-HYPHEN	p213	ที่กษัตริย์ไม่อยู่ เจ้า- | หญิงตัดสินใจว่าจะต้องประ
LINE-HYPHEN	p214	ทันประเทศเยอรมนีและสวิส- | เซอร์แลนด์ พวกเขามุ่งมั่
LINE-HYPHEN	p216	ขาด้วยใจถ่อม ได้เปลี่ยน- | แปลงความโกรธให้เป็นความส
LINE-HYPHEN	p216	เป็นการกำจัดนิกายโปรเตส- | แตนต์ต่างหากซึ่งสามร้อยป
LINE-HYPHEN	p216	งการศึกษา อิทธิพลและคุณ- | ลักษณะที่ดีงาม ตำแหน่งที
JOIN-SPACE	p218	ระจำตำแหน่ง” | ด้วย “พระเศี
LINE-HYPHEN	p218	งของพิธีในวันนั้นพระมหา- | กษัตริย์ต้องขึ้นปราศรัยต
JOIN-SPACE	p218	วคร่ำครวญถึง | “ความผิดนี้ 
JOIN-SPACE	p218	าแด่พระเจ้า” | น้ำพระเนตรขอ
JOIN-SPACE	p218	าสนาคาทอลิก” | D’Aubigné, H
JOIN-SPACE	p220	ของกรุงปารีส | “อีกครั้งหนึ
LINE-HYPHEN	p223	กกาเขาจะทำงานรับใช้อุดม- | การณ์ของการปฏิรูปได้ดีกว
LINE-HYPHEN	p224	วงในการต่อต้านกับฤทธานุ- | ภาพแห่งสัจธรรม ไม่มีอาชญ
LINE-HYPHEN	p225	ราคำสั่งให้รื้อฟื้นศาสน- | ศาลขึ้นมาใหม่อีกครั้ง [I
LINE-HYPHEN	p225	ั้งอยู่ท่ามกลางศัตรูมหา- | อำนาจที่วางแผนทำลายเธอ ป
JOIN-SPACE	p226	 พวกพิวริตัน | [Puritans สม
NO-TAG	GC12_print_th.typ p220	การปฏิรูปศาสนามอบพระคัมภีร์ที่เปิดออกให้แก่โลก เปิดเผยคำสอนข
JOIN-SPACE	p229	ทศนาสั่งสอน” | Martyn เล่มท
JOIN-SPACE	p229	สอนการแปรสาร | [Transubstan
LINE-HYPHEN	p229	เขามีโอกาสศึกษาพระคริสต- | ธรรมคัมภีร์ภาคพันธสัญญาใ
LINE-HYPHEN	p230	นกลุ่มนี้ด้วยความกระตือ- | รือร้นและประสบผลอย่างสูง
LINE-HYPHEN	p230	เท่ากับที่ประเทศเนเธอร์- | แลนด์ มีไม่กี่ประเทศที่ผ
JOIN-SPACE	p231	มือนเมล็ดพืช | (โปรดดู Tert
JOIN-SPACE	p233	องถูกแช่งสาป | (กาลาเทีย 1:
JOIN-SPACE	p233	สแตนต์ที่ว่า | “พระคัมภีร์แ
LINE-HYPHEN	p234	อน สวิงก์ลีและอีโคลัมพา- | เดียสแล้ว ก็มักจะมีการแย
LINE-HYPHEN	p238	ีสิ่งใดขัดขวาง พระคริสต- | ธรรมคัมภีร์ภาคพันธสัญญาใ
LINE-HYPHEN	p240	รื่องภูตผีปีศาจของคริสต- | จักรแล้ว เพื่อรับสัจธรรม
JOIN-SPACE	p241	็นผู้ตัดสิน” | {GC 251.1}
JOIN-SPACE	p242	รู้เท่านั้น” | David Laing,
JOIN-SPACE	p242	กปฏิรูปศาสนา | [คนนี้] ซึ่ง
JOIN-SPACE	p243	วกรีมโปรแกรส | [Bunyan’s Pi
LINE-HYPHEN	p243	ันพินาศไป หนังสือของฟลา- | เวลเรื่อง เฟาเทน ออฟ ไลฟ
JOIN-SPACE	p244	” | โยบ 9:2 {GC 
LINE-HYPHEN	p248	าหมายเดียวกันเพื่อนำจิต- | วิญญาณมายังพระคริสต์ มีอ
JOIN-SPACE	p251	จะหลุดพ้นจาก | “การผูกมัดขอ
JOIN-SPACE	p251	คบกว่านี้ว่า | “การกระทำควา
JOIN-SPACE	p251	เลือกสรรแล้ว | “เพราะเป็นคุ
LINE-HYPHEN	p251	ิรบัญญัติก [ (นิ-ระ-บัน- | หยัด-ติ-กะ) Antinomian ห
JOIN-SPACE	p251	บัญญัติกนิยม | [Antinomiani
JOIN-SPACE	p252	” | ทิตัส 2:11 1
LINE-HYPHEN	p252	ารถูกยกเลิกไปพร้อมกับกฎ- | ระเบียบของพิธีกรรมนั้น เ
JOIN-SPACE	p252	ล่ย์กล่าวว่า | “บัญญัติศีลธ
LINE-HYPHEN	p252	นใดที่ง่ายต่อการเปลี่ยน- | แปลง แต่ขึ้นอยู่กับพระลั
JOIN-SPACE	p252	์ในที่นี้คือ | (สอดคล้องกับ
JOIN-SPACE	p253	ษย์ให้ละเมิด | (ลบล้าง ปล่อ
JOIN-SPACE	p254	’ | ดังนั้นเป็นเ
LINE-HYPHEN	p254	ยการเดินทางประกาศ—มีจิต- | วิญญาณที่ฝักใฝ่ติดตามเขา
JOIN-SPACE	p256	” | ยอห์น 3:19 ป
LINE-HYPHEN	p256	จของระบอบเปปาซี และอัคร- | สาวกผู้บันทึกพระธรรมวิวร
JOIN-SPACE	p257	รดดูภาคผนวก) | ในเวลานั้นกอ
JOIN-SPACE	p257	ดทรงทำนายถึง | “ความทุกข์ลำ
JOIN-SPACE	p258	านของพระวจนะ | (โปรดดูภาคผน
LINE-HYPHEN	p259	ดาประเทศต่างๆ ในประวัติ- | ศาสตร์ของพระคัมภีร์  อีย
JOIN-SPACE	p259	” | อพยพ 5:2 นี่
JOIN-SPACE	p259	่าย “วิญญาณ” | อีกด้วย ความ
LINE-HYPHEN	p260	่ยวอยู่ต่างหากในประวัติ- | ศาสตร์โลกในฐานะรัฐเดียวท
LINE-HYPHEN	p264	ื่ออุทิศให้กับการสำมะเล- | เทเมาและการหมิ่นประมาทพร
LINE-HYPHEN	p264	่มีพื้นฐานทั้งในประวัติ- | ศาสตร์หรือสัจธรรมอันศักด
JOIN-SPACE	p265	” | สดุดี 14:1 แ
LINE-HYPHEN	p265	เขา  ซึ่งพวกเขาตั้งสมญา- | นามให้เธอว่าเทพธิดาแห่งเ
LINE-HYPHEN	p266	 ตำราสวดมนต์และพระคริสต- | ธรรมคัมภีร์ภาคพันธสัญญาเ
LINE-HYPHEN	p267	ามเป็นระเบียบและฐานันดร- | ศักดิ์ด้วย” G. de Felice
JOIN-SPACE	p268	” | อิสยาห์ 32:1
LINE-HYPHEN	p268	ให้กับปัญญาและควบคุมจิต- | สำนึกของประชากรของเธอแล้
LINE-HYPHEN	p272	่งซึ่งจารึกไว้ในประวัติ- | ศาสตร์ของโลกว่าเป็นยุคแห
JOIN-SPACE	p274	” | “พระยาห์เวห์
JOIN-SPACE	p274	” | อิสยาห์ 48:1
LINE-HYPHEN	p275	ของการล่วงละเมิด และพระ- | วิญญาณของพระเจ้าได้ทรงยั
LINE-HYPHEN	p275	ละทิ้งความเชื่อและอาชญา- | กรรมที่ดำเนินมาเป็นเวลาห
LINE-HYPHEN	p275	บครัว บ้านเมืองและคริสต- | จักรต่างถูกฟาดฟันทำลายลง
JOIN-SPACE	p275	” | “แม้ว่าคนบาป
LINE-HYPHEN	p276	การก่อตั้งสมาคมพระคริสต- | ธรรมคัมภีร์อังกฤษและต่าง
LINE-HYPHEN	p278	ริ่มต้น พวกเขาถือว่าประ- | เพณีมากมายที่คริสตจักรอั
LINE-HYPHEN	p278	ห้มีการไม่เห็นด้วยกับกฎ- | ระเบียบของเธอ กฎหมายกำหน
LINE-HYPHEN	p279	ั่งที่เป็นมิตรของสาธารณ- | รัฐเนเธอร์แลนด์ {GC 290.
JOIN-SPACE	p280	ห์น โรบินสัน | [John Robins
LINE-HYPHEN	p281	ในพวกนักคิดและนักสอนศีล- | ธรรมชั้นนำของศตวรรษที่สิ
LINE-HYPHEN	p281	ของการเติบโตของพระคริสต- | ธรรมคัมภีร์ภาคพันธสัญญาใ
LINE-HYPHEN	p281	คริสตจักรที่จะควบคุมจิต- | สำนึกและมีอำนาจตีความรวม
JOIN-SPACE	p282	er Williams] | เดินทางมายัง
LINE-HYPHEN	p282	วมพิธีกรรมต่างๆ ในคริสต- | จักรที่ก่อตั้งขึ้นมาแล้ว
JOIN-SPACE	p283	ทานขึ้นมาว่า | ‘อะไรกันนะ ค
LINE-HYPHEN	p283	การมอบสิทธิอำนาจแก่เจ้า- | พนักงานฝ่ายปกครองให้อยู่
LINE-HYPHEN	p283	ปกครองให้อยู่เหนือคริสต- | จักรและการเรียกร้องเสรีภ
JOIN-SPACE	p283	มหมายเช่นใด” | แต่ “นกกาในป
JOIN-SPACE	p283	้ยงข้าพเจ้า” | และบ่อยครั้ง
JOIN-SPACE	p283	ิลเลียมส์คือ | “มนุษย์ทุกคน
JOIN-SPACE	p283	วงหาความสุข” | และรัฐธรรมนู
JOIN-SPACE	p284	เมิดจิตสำนึก | “จะไม่มีการก
JOIN-SPACE	p284	หรัฐอเมริกา” | “รัฐสภาจะไม่
LINE-HYPHEN	p284	โดยกฎหมายพิเศษ รัฐแมสซา- | ชูเซตส์เสนอให้การต้อนรับ
LINE-HYPHEN	p284	ปล่าโดยทุนของรัฐแก่คริส- | เตียนทุกชนชั้นที่ต้องการ
LINE-HYPHEN	p284	ตั้งรกรากที่อาณานิคมนิว- | อิงแลนด์เป็นจำนวนหลายพัน
JOIN-SPACE	p284	มายที่แสวงหา | “พวกเขาพึงพอ
JOIN-SPACE	p284	ลงในแผ่นดิน” | {GC 296.2}
LINE-HYPHEN	p285	น ผู้ที่อาศัยอยู่ในอาณา- | นิคมของพวกพิวริตันมาหลาย
JOIN-SPACE	p285	รุ่งเรืองของ | “คริสตจักรที
LINE-HYPHEN	p285	ระตุ้นด้วยแรงดลใจที่แตก- | ต่างอย่างมากจากของพิลกริ
LINE-HYPHEN	p285	วซึ่งพบได้บ่อยในประวัติ- | ศาสตร์ของคริสตจักรนับตั้
LINE-HYPHEN	p287	้านกำลังฝังรากลึก คริสต- | จักรค้ำจุนและปกป้องประเพ
JOIN-SPACE	p288	” | ยอห์น 11:25 
JOIN-SPACE	p288	” | สดุดี 50:2-4
JOIN-SPACE	p289	” | สดุดี 96:11-
JOIN-SPACE	p289	ะองค์เสด็จมา | “พระเจ้าเสด็
JOIN-SPACE	p290	” | กิจการ 3:21 
JOIN-SPACE	p290	จะมา | “เป็นขององค์
JOIN-SPACE	p290	” | พระเจ้า “จะเ
LINE-HYPHEN	p291	งอันมีสุข” ในขณะที่คริส- | เตียนชาวเมืองเธสะโลนิกาก
JOIN-SPACE	p291	6] ประกาศว่า | “ข้าพเจ้าบอก
JOIN-SPACE	p291	ทำลายล้างไป” | Ibid. หน้า 1
JOIN-SPACE	p292	ยังประกาศว่า | “ให้ครอบครัว
LINE-HYPHEN	p292	น็อคซ์นักปฏิรูปชาวสก๊อต- | แลนด์กล่าวว่า “พระเยซูเจ
JOIN-SPACE	p292	ยจะเกิดขึ้น” | Ibid. เล่มที
JOIN-SPACE	p292	ะเยซูตรัสว่า | “จะมีหมายสำค
JOIN-SPACE	p292	” ลูกา 21:25 | “ดวงอาทิตย์จ
LINE-HYPHEN	p293	ษย์เสด็จมาในเมฆ ทรงฤทธา- | นุภาพและพระรัศมีอย่างยิ่
JOIN-SPACE	p293	” | วิวรณ์ 6:12 
LINE-HYPHEN	p293	้รู้สึกได้ถึงประเทศกรีน- | แลนด์ ถึงหมู่เกาะอินดีสต
JOIN-SPACE	p294	ลกมาถึงแล้ว” | แม่ลืมลูกของ
LINE-HYPHEN	p295	ภูมิประเทศที่มืดมิด พ่อ- | บ้านต่างกลับจากงานในทุ่ง
LINE-HYPHEN	p296	ไกลที่สุดของมลรัฐคอนเนต- | ทิกัตและเมืองอัลบานี ไปถ
JOIN-SPACE	p296	 ฉบับที่ 472 | (25 พฤษภาคม 
JOIN-SPACE	p296	ันทร์เต็มดวง | “ก็แทบจะไม่ส
JOIN-SPACE	p296	คำพยากรณ์ว่า | “ดวงอาทิตย์จ
JOIN-SPACE	p297	” | โยเอล 2:31 {
JOIN-SPACE	p297	” | พระองค์ทรงชี
JOIN-SPACE	p297	” | ลูกา 21:28, 
LINE-HYPHEN	p297	 ความใคร่อยากอย่างทะเยอ- | ทะยานในทรัพย์สมบัติและคว
JOIN-SPACE	p298	าดังกล่าวว่า | “เจ้าได้ชื่อ
JOIN-SPACE	p298	” | โยเอล 2:11 ฮ
LINE-HYPHEN	p298	กเขายังคงล่วงละเมิดพันธ- | สัญญาของพระองค์และติดตาม
JOIN-SPACE	p298	” | โฮเชยา 8:2, 
JOIN-SPACE	p298	” | อิสยาห์ 13:1
JOIN-SPACE	p298	ร้องออกมาว่า | “ข้าบิดตัวด้
JOIN-SPACE	p299	” | อิสยาห์ 13:9
JOIN-SPACE	p299	นแผ่นดินโลก” | คำเตือนที่หน
JOIN-SPACE	p299	ส่วนหนึ่งของ | “ข่าวประเสริ
JOIN-SPACE	p300	นะที่แน่นอน” | “เป็นเสมือนต
LINE-HYPHEN	p300	 พวกเขาเป็นคนยามที่ซื่อ- | สัตย์ที่ศึกษาพระคัมภีร์ด
JOIN-SPACE	p300	” | ยอห์น 8:12 ผ
LINE-HYPHEN	p301	ผู้เดินทางสองคนที่เหน็ด- | เหนื่อยจากการเดินทางไกลม
LINE-HYPHEN	p302	์ทั้งหลายที่พระองค์โปรด- | ปรานนั้น” ลูกา 2:14 {GC 
JOIN-SPACE	p303	” | ลูกา 2:25, 3
LINE-HYPHEN	p303	สถานที่ประสูติของพระมหา- | กษัตริย์องค์ใหม่ผู้มาบัง
JOIN-SPACE	p303	พระคริสต์ | “จะทรงปรากฏเ
LINE-HYPHEN	p307	ิสเตียน ในระดับหนึ่งอุป- | นิสัยของพวกเขาจึงถูกหล่อ
JOIN-SPACE	p310	” | 1 เธสะโลนิกา
JOIN-SPACE	p311	ะเป็นเจ้าว่า | “ทุกคนที่ตาย
JOIN-SPACE	p311	ห้รอดตรัสว่า | “เมื่อบุตรมน
JOIN-SPACE	p311	องพระองค์ว่า | ‘ท่านทั้งหลา
LINE-HYPHEN	p312	ึ้นในประวัติศาสตร์มนุษย- | ชาติตามที่แจกแจงไว้อย่าง
JOIN-SPACE	p314	 และกล่าวว่า | “ข้าพเจ้าออก
LINE-HYPHEN	p314	นั่นคือ เรื่องที่เกี่ยว- | ข้องกับเวลา คือช่วงเวลา 
JOIN-SPACE	p314	” | ทูตสวรรค์นั้
LINE-HYPHEN	p314	องไซรัสและดาริอัสและอาร- | ทาเซอร์ซีสกษัตริย์แห่งเป
JOIN-SPACE	p315	“ผู้ถูกเจิม” | ในช่วงฤดูใบไ
JOIN-SPACE	p315	” | ในปี ค.ศ. 31
JOIN-SPACE	p316	” | กิจการ 8:4, 
LINE-HYPHEN	p316	ุดนี้ ก็จะเห็นว่า คำพยา- | กรณ์เหล่านี้เกิดขึ้นจริง
JOIN-SPACE	p318	อยู่ตลอดเวลา | “ถ้าเรากล่าว
LINE-HYPHEN	p319	บาปกลับใจ คนที่เป็นคริส- | เตียนได้รับการหนุนใจให้ม
LINE-HYPHEN	p319	ลายแห่ง คริสตจักรโปรเตส- | แตนต์ต่างๆ เกือบทุกนิกาย
JOIN-SPACE	p320	” | วิวรณ์ 6:13 
JOIN-SPACE	p321	าจักรโอโตแมน | [Ottoman Emp
LINE-HYPHEN	p322	องโอโตแมนในเมืองคอนสเตน- | ติโนเปิลจะสูญสิ้นลง และข
JOIN-SPACE	p323	าวแอ๊ดเวนตีส | [Adventists 
LINE-HYPHEN	p323	ลังใกล้เข้ามา แต่ถูกประ- | ณามอย่างเย้ยหยันว่าเป็นค
JOIN-SPACE	p323	กนี้กล่าวว่า | “การมองดูเรื
JOIN-SPACE	p324	ื่อกีดกันเรา | [ชาวแอ๊ดเวนต
JOIN-SPACE	p324	ธรรมกับท่าน” | “หากเราเป็นฝ
LINE-HYPHEN	p327	ิดไว้แล้ว ดังนั้น คริสต- | จักรโปรเตสแตนต์จึงเดินตา
JOIN-SPACE	p327	้เข้ามาแล้ว” | วิวรณ์ 1:1-3
JOIN-SPACE	p327	หรับคนๆ นั้น | “ผู้ที่ฟังคำ
JOIN-SPACE	p327	่มนี้เช่นกัน | “ประพฤติตามส
JOIN-SPACE	p327	” | มีคนมากมายไม
LINE-HYPHEN	p328	่จะเกิดขึ้นเมื่อประวัติ- | ศาสตร์ของโลกนี้จะสิ้นสุด
JOIN-SPACE	p330	” | “เพราะความคิ
JOIN-SPACE	p332	” | และสาวกทั้งห
JOIN-SPACE	p333	” | มาระโก 1:15 
LINE-HYPHEN	p333	ราช- | อาณาจักรกับราชอำนาจและคว
JOIN-SPACE	p333	” | ดาเนียล 7:27
JOIN-SPACE	p334	เมตตา ผู้ทรง | “เห็นใจในควา
JOIN-SPACE	p334	” | เพื่อหมายถึง
JOIN-SPACE	p334	” | มัทธิว 25:31
LINE-HYPHEN	p334	ตั้งแผนการเพื่อไถ่มนุษย- | ชาติที่ผิดบาปให้รอด จึงเ
LINE-HYPHEN	p334	กและทิ้งเผ่าพันธุ์มนุษย- | ชาติไว้ให้พินาศในความชั่
JOIN-SPACE	p334	้องขึ้นมาว่า | “สำเร็จแล้ว”
LINE-HYPHEN	p335	งพระเจ้าของพวกเขา ประสบ- | การณ์ขมขื่นที่อนุญาตให้เ
LINE-HYPHEN	p335	่อนุญาตให้เกิดนั้นมีจุด- | ประสงค์ที่จะเตรียมพวกเขา
JOIN-SPACE	p336	” | ด้วยคำพยานใน
JOIN-SPACE	p336	าเดิม พวกเขา | “พบคนที่โมเส
JOIN-SPACE	p336	” | ความหวังที่เ
JOIN-SPACE	p337	โตร 1:25 และ | “ใครจะเป็นผู
JOIN-SPACE	p337	” | และตรัสต่อไป
LINE-HYPHEN	p337	นอำนาจจากเบื้องบนและจิต- | วิญญาณของผู้เชื่อต่างตื้
JOIN-SPACE	p337	ห่งพระคุณกับ | “มงกุฎแห่งคว
JOIN-SPACE	p337	” | ฮีบรู 2:10 ค
JOIN-SPACE	p337	าวกที่ประกาศ | “ข่าวประเสริ
JOIN-SPACE	p337	” | มัทธิว 24:14
JOIN-SPACE	p337	” | มาระโก 1:15 
JOIN-SPACE	p338	ดาเนียล 8:14 | “อยู่นานสองพ
LINE-HYPHEN	p338	์บนเมฆในท้องฟ้าด้วยฤทธา- | นุภาพและทรงพระรัศมีอย่าง
JOIN-SPACE	p338	” | วิวรณ์ 22:12
JOIN-SPACE	p339	มวิวรณ์ 14:7 | “จงเกรงกลัวพ
JOIN-SPACE	p340	”  และ | “พระมรรคาทั้
JOIN-SPACE	p342	” | และประกาศแจ้
JOIN-SPACE	p342	งวาระสุดท้าย | “คนเป็นอันมา
JOIN-SPACE	p343	สะโลนิกา 2:7 | “ลูกแห่งความ
JOIN-SPACE	p343	ห์น 17:2 และ | “คนชั่ว” นั้
JOIN-SPACE	p345	” | อิสยาห์ 53:3
LINE-HYPHEN	p345	3:3 เขามองเห็นว่า คำพยา- | กรณ์ต่างๆ เปิดเผยด้วยน้ำ
JOIN-SPACE	p345	กริบไปโดยเขา | (ปฐมกาล 1: 2
JOIN-SPACE	p346	’” | Ibid. หน้า 2
JOIN-SPACE	p346	วูลฟฟ์ตอบว่า | “องค์พระผู้เ
JOIN-SPACE	p346	ที่แน่นอนของ | ‘วันนั้น โมง
JOIN-SPACE	p346	ทางที่ผิดว่า | “โบสถ์คริสเต
LINE-HYPHEN	p347	เขาก็ไปเทศนาที่รัฐฟีลลา- | เดลเฟียและเบลติมอลและในท
LINE-HYPHEN	p347	ดยการเสนอของอดีตประธานา- | ธิบดีควีนซี อาดัมส์ในการ
LINE-HYPHEN	p348	นทางของเขาไปยังเมืองปอค- | ฮารา เขาได้พบคนกลุ่มหนึ่
JOIN-SPACE	p349	ี เบน เอสรา” | [Rabbi Ben-E
JOIN-SPACE	p349	อนโดยเบ็งเกล | [Bengel] ซึ่
LINE-HYPHEN	p349	ผู้รับใช้คนหนึ่งในคริสต- | จักรลูเธอร์เรนและเป็นนัก
JOIN-SPACE	p349	ว่าเป็นเพราะ | ‘ลูกศรมากมาย
JOIN-SPACE	p350	ราณของโรลลิน | [Rollin] แล้
LINE-HYPHEN	p350	ว เขาเริ่มสนใจพระธรรมดา- | เนียลบทที่ 2 และเขารู้สึ
LINE-HYPHEN	p351	่เขาดำเนินการค้นหาคำพยา- | กรณ์ต่อไปนั้น เขาได้มาถึ
LINE-HYPHEN	p351	เขา ในที่สุดเขาตัดสินใจ- | เหมือนเช่นที่ฟาเรลทำมาแล
LINE-HYPHEN	p352	มาเป็นครูในโรงเรียนศาสน- | ศาสตร์ ในวันอาทิตย์เขาทำ
LINE-HYPHEN	p352	ิสต์ แต่คณะสงฆ์ของคริสต- | จักรของรัฐต่อต้านขบวนการ
JOIN-SPACE	p353	ูลพระองค์ว่า | “ท่านไม่ได้ย
LINE-HYPHEN	p354	าถึง ดั่งยอห์นผู้ให้บัพ- | ติศมาผู้บอกข่าวล่วงหน้าข
JOIN-SPACE	p355	้รับความรอด” | ชีวิตของผู้ท
JOIN-SPACE	p357	” | เขายังกล่าวถ
LINE-HYPHEN	p358	อน โดยรวมแล้วเมื่อคริสต- | จักรปฏิเสธข่าวสาร ทูตสวร
JOIN-SPACE	p359	รดดูภาคผนวก) | {GC 373.2}
LINE-HYPHEN	p361	ยใช้อ้างอิงและเป็นศาสนา- | จารย์ของโบสถ์ระดับแนวหน้
LINE-HYPHEN	p380	ของเปาโลด้วย ไม่ว่าอัคร- | สาวกเปาโลจะจัดตั้งคริสตจ
JOIN-SPACE	p396	งชาวฮีบรูว่า | “แม้แต่พันธส
LINE-HYPHEN	p397	 [สถานนมัสการ] แห่งพันธ- | สัญญาใหม่ สถานนมัสการแห่
LINE-HYPHEN	p397	หม่ สถานนมัสการแห่งพันธ- | สัญญาเดิมนั้นถูกตั้งขึ้น
LINE-HYPHEN	p400	งรากฐานและผู้สร้างคริสต- | จักรของพระเจ้า อัครทูตเป
JOIN-SPACE	p400	์ของพระองค์” | มัทธิว 25:31
JOIN-SPACE	p400	งปราศจากบาป” | “พระองค์จึงท
LINE-HYPHEN	p401	เป็นสถานนมัสการแห่งพันธ- | สัญญาใหม่ เมื่อ 2,300 วั
LINE-HYPHEN	p401	สการบนโลกตามที่พระคริสต- | ธรรมคัมภีร์เดิมบันทึกไว้
LINE-HYPHEN	p405	นมัสการบนโลก พิธีในพันธ- | สัญญาใหม่ก็เช่นกัน โดยคว
LINE-HYPHEN	p410	จมาของพระคริสต์ไปยังอภิ- | สุทธิสถานในฐานะมหาปุโรหิ
JOIN-SPACE	p411	งพระเมษโปดก” | ทูตสวรรค์บอก
LINE-HYPHEN	p411	าวที่เป็นมเหสีของพระเมษ- | โปดก” ผู้เผยพระวจนะกล่าว
LINE-HYPHEN	p414	รมวิวรณ์ที่ตรัสกับคริสต- | จักรในเวลาปัจจุบันนี้ว่า
LINE-HYPHEN	p416	กเขาจึงเข้าใจข่าวของทูต- | สวรรค์องค์ที่หนึ่งและองค
JOIN-SPACE	p419	ธรรมบัญญัติ” | มัทธิว 5:18 
LINE-HYPHEN	p426	รของจิตใจที่ไม่ยอมประนี- | ประนอมและกดขี่ข่มเหงซึ่ง
JOIN-SPACE	p430	เจ้าของเจ้า” | อพยพ  20:10 
LINE-HYPHEN	p431	ระกาศว่าการที่ชาวโปรเตส- | แตนต์ยอมรับการถือรักษาวั
LINE-HYPHEN	p433	หมายของมัน  ถึงแม้คริสต- | จักรและรัฐจะร่วมมือกันใช
LINE-HYPHEN	p444	ผล พวกเขาเชื่อและรับบัพ- | ติศมาและลุกขึ้นดำเนินไปต
LINE-HYPHEN	p446	่นิยมกันในทุกวันนี้ จิต- | วิญญาณแห่งการถวายตนให้พร
JOIN-SPACE	p450	ปาโลกล่าวว่า | “ถ้าเช่นนั้น
LINE-HYPHEN	p457	รยากาศของฟ้าสวรรค์เปรอะ- | เปื้อนพร้อมทั้งบังคับทุก
JOIN-SPACE	p459	ีเต็มเปี่ยม” | ยอห์น 14:14;
LINE-HYPHEN	p486	 ปฐม- | กาล  3:15  คำตัดสินของพร
LINE-HYPHEN	p486	็นศัตรูของซาตานต่อมนุษย- | ชาติปะทุขึ้นเพราะโดยทางพ
JOIN-SPACE	p490	พวกเขาไม่ได้ | “ต่อสู้กับเน
LINE-HYPHEN	p493	 ของพระราชาเซนนา- | เคอริบ  “ฉะนั้นพระองค์จึ
LINE-HYPHEN	p494	ะพวกมันเข้าใจว่าหากพันธ- | กิจของพระคริสต์ประสบผลสำ
LINE-HYPHEN	p502	 พวกเขาจึงถือว่าประวัติ- | ศาสตร์ในพระคัมภีร์เป็นเร
LINE-HYPHEN	p504	รื่องไม่จำเป็น นักวิทยา- | ศาสตร์อ้างว่า  ไม่มีคำตอ
LINE-HYPHEN	p512	ประการฉะนี้ ปีศาจเอาคุณ- | ลักษณะของพระผู้สร้างและพ
LINE-HYPHEN	p514	อดไป ตามคำสอนของนักศาสน- | ศาสตร์เหล่านี้  การทรมาน
LINE-HYPHEN	p537	บ่าล้นที่กำบัง แล้วพันธ- | สัญญาของพวกท่านกับความตา
LINE-HYPHEN	p539	อโลกของคาทอลิก... อาร์ค- | บิชอปแห่งเซนต์หลุยซ์เคยก
LINE-HYPHEN	p540	สแตนต์เข้าไปยุ่งและสนับ- | สนุนหลักคำสอนและพิธีกรรม
LINE-HYPHEN	p547	ัจจุบันนี้ในประเทศสหรัฐ- | อเมริกาเพื่อให้สถาบันต่า
LINE-HYPHEN	p548	็นกฎหมายที่จักรพรรดิคอน- | สแตนตินทรงตราขึ้นในปี ค.
LINE-HYPHEN	p549	างขวางแม้แต่ในชาวโปรเตส- | แตนต์ด้วยกันเอง คือว่าเน
LINE-HYPHEN	p554	อลิกของพระองค์ และคริสต- | จักรโรมันคาทอลิก และจะรั
LINE-HYPHEN	p565	 และแม้แต่ในประเทศสหรัฐ- | อเมริกาที่เป็นประเทศเสรี
LINE-HYPHEN	p582	ด้ ยกเว้นว่าจะยอมให้จิต- | วิญญาณต้องเสี่ยงต่อความพ
LINE-HYPHEN	p587	ทั้งหลายรวมถึงบรรดาอัคร- | ทูตของพระองค์ ดังนั้นเมื
LINE-HYPHEN	p588	มขัดแย้งไปทั่วทั้งคริสต- | อาณาจักร และผู้มีอำนาจฝ่
LINE-HYPHEN	p588	ต่อต้านข้อกำหนดของคริสต- | จักรและกฎหมายของรัฐไม่คว
LINE-HYPHEN	p589	อยู่นั้นเป็นทูตแห่งพันธ- | สัญญา  ถึงแม้เขาจะพิการแ
LINE-HYPHEN	p603	รของพระเจ้ารอคอยเครื่อง- | หมายของการเสด็จมาของพระร
LINE-HYPHEN	p618	วนั้นทรงสมควรได้รับฤทธา- | นุภาพ” วิวรณ์ 5:12 พระผู
JOIN-SPACE	p624	ยวเท่านั้น’” | วิวรณ์ 18:5-
LINE-HYPHEN	p626	วกเขาไม่ได้รักษาสัมพันธ- | ภาพที่ถูกต้องกับพระเจ้า 
LINE-HYPHEN	p627	จะทรงยืนยันอำนาจของธรรม- | บัญญัติของพระองค์ที่ถูกเ
LINE-HYPHEN	p629	“ในปฐม- | กาล” โลกนั้นก็ “ว่างเปล่
LINE-HYPHEN	p637	่ถูกไถ่ให้รอดแล้วมีอัคร- | ทูตของพระคริสต์รวมอยู่ด้
LINE-HYPHEN	p644	นั่น พระองค์ทรงซ่อนฤทธา- | นุภาพของพระองค์”  ฮาบากุ
