# entry	joined	sites	hits elsewhere	first page	confidence
คริสต-จักร	คริสตจักร	28	581	p45	confirmed elsewhere in the book
พันธ-สัญญา	พันธสัญญา	9	84	p19	confirmed elsewhere in the book
จิต-วิญญาณ	จิตวิญญาณ	7	223	p44	confirmed elsewhere in the book
ประวัติ-ศาสตร์	ประวัติศาสตร์	7	62	p259	confirmed elsewhere in the book
พระคริสต-ธรรมคัมภี	พระคริสตธรรมคัมภี	6	25	p229	confirmed elsewhere in the book
โปรเตส-แตนต์	โปรเตสแตนต์	5	131	p86	confirmed elsewhere in the book
พระสันตะ-ปาปา	พระสันตะปาปา	4	222	p126	confirmed elsewhere in the book
ฤทธา-นุภาพ	ฤทธานุภาพ	4	62	p293	confirmed elsewhere in the book
อุดม-การณ์ของ	อุดมการณ์ของ	4	38	p151	confirmed elsewhere in the book
มนุษย-ชาติ	มนุษยชาติ	4	27	p312	confirmed elsewhere in the book
พระมหา-กษัตริย์	พระมหากษัตริย์	4	21	p80	confirmed elsewhere in the book
คริส-เตียน	คริสเตียน	3	236	p284	confirmed elsewhere in the book
คำพยา-กรณ์	คำพยากรณ์	3	180	p316	confirmed elsewhere in the book
จักร-พรรดิ	จักรพรรดิ	3	132	p144	confirmed elsewhere in the book
ีย-กร	ียกร	3	86	p131	confirmed elsewhere in the book
อุดม-การณ์	อุดมการณ์	3	52	p132	confirmed elsewhere in the book
วามกระตือ-รือร้น	วามกระตือรือร้น	3	36	p176	confirmed elsewhere in the book
เปลี่ยน-แปลง	เปลี่ยนแปลง	2	93	p216	confirmed elsewhere in the book
อัคร-ทูต	อัครทูต	2	83	p587	confirmed elsewhere in the book
ประสบ-การณ์	ประสบการณ์	2	58	p159	confirmed elsewhere in the book
จิต-สำนึก	จิตสำนึก	2	57	p268	confirmed elsewhere in the book
ะเทศสหรัฐ-อเมริกา	ะเทศสหรัฐอเมริกา	2	33	p547	confirmed elsewhere in the book
ศาสน-ศาสตร์	ศาสนศาสตร์	2	30	p352	confirmed elsewhere in the book
ปฐม-กาล	ปฐมกาล	2	29	p486	confirmed elsewhere in the book
กฎ-ระเบียบ	กฎระเบียบ	2	22	p252	confirmed elsewhere in the book
อัคร-สาวก	อัครสาวก	2	22	p256	confirmed elsewhere in the book
ประนี-ประนอม	ประนีประนอม	2	21	p207	confirmed elsewhere in the book
บัพ-ติศมา	บัพติศมา	2	19	p354	confirmed elsewhere in the book
คุณ-ลักษณะ	คุณลักษณะ	2	14	p216	confirmed elsewhere in the book
เมืองคอน-สแตนซ์	เมืองคอนสแตนซ์	2	7	p100	confirmed elsewhere in the book
นอีแวน-เจลิคัล	นอีแวนเจลิคัล	2	5	p189	confirmed elsewhere in the book
เมืองไอน์-ซีเดน	เมืองไอน์ซีเดน	2	4	p167	confirmed elsewhere in the book
อาชญา-กรรม	อาชญากรรม	2	0	p113	the word occurs once in the book, so a reader supplied the boundary
ทูต-สวรรค์	ทูตสวรรค์	1	278	p416	confirmed elsewhere in the book
่า-เป	่าเป	1	262	p41	confirmed elsewhere in the book
ธรรม-บัญญัติ	ธรรมบัญญัติ	1	213	p627	confirmed elsewhere in the book
พระ-วิญญาณ	พระวิญญาณ	1	179	p275	confirmed elsewhere in the book
าน-การ	านการ	1	142	p208	confirmed elsewhere in the book
อาณา-จักร	อาณาจักร	1	128	p61	confirmed elsewhere in the book
ร์-แล	ร์แล	1	128	p230	confirmed elsewhere in the book
สนับ-สนุน	สนับสนุน	1	127	p540	confirmed elsewhere in the book
กฎ-หมาย	กฎหมาย	1	123	p189	confirmed elsewhere in the book
ซื่อ-สัตย์	ซื่อสัตย์	1	117	p300	confirmed elsewhere in the book
ดา-เนียล	ดาเนียล	1	97	p350	confirmed elsewhere in the book
ความ-หมาย	ความหมาย	1	85	p155	confirmed elsewhere in the book
นั้น-ไม่	นั้นไม่	1	78	p159	confirmed elsewhere in the book
เรียก-ร้อง	เรียกร้อง	1	77	p88	confirmed elsewhere in the book
อุป-นิสัย	อุปนิสัย	1	75	p307	confirmed elsewhere in the book
ประ-ณาม	ประณาม	1	75	p323	confirmed elsewhere in the book
แตก-ต่าง	แตกต่าง	1	69	p285	confirmed elsewhere in the book
ศีล-ธรรม	ศีลธรรม	1	68	p281	confirmed elsewhere in the book
บาท-หลวง	บาทหลวง	1	66	p211	confirmed elsewhere in the book
กระ-ตุ้น	กระตุ้น	1	63	p183	confirmed elsewhere in the book
ฤทธานุ-ภาพ	ฤทธานุภาพ	1	62	p224	confirmed elsewhere in the book
เครื่อง-หมาย	เครื่องหมาย	1	60	p603	confirmed elsewhere in the book
อง-แค	องแค	1	53	p128	confirmed elsewhere in the book
ตัดสิน-ใจ	ตัดสินใจ	1	49	p173	confirmed elsewhere in the book
เห็น-แก่	เห็นแก่	1	43	p47	confirmed elsewhere in the book
โปรด-ปร	โปรดปร	1	42	p302	confirmed elsewhere in the book
คำ-ตอบ	คำตอบ	1	39	p156	confirmed elsewhere in the book
เคร่ง-ครัด	เคร่งครัด	1	38	p118	confirmed elsewhere in the book
ประ-เพณี	ประเพณี	1	36	p278	confirmed elsewhere in the book
ศาสน-ศา	ศาสนศา	1	34	p225	confirmed elsewhere in the book
อภิ-สุทธิสถาน	อภิสุทธิสถาน	1	34	p410	confirmed elsewhere in the book
สิ้นพระ-ชนม์	สิ้นพระชนม์	1	33	p208	confirmed elsewhere in the book
พระเมษ-โปดก	พระเมษโปดก	1	33	p411	confirmed elsewhere in the book
จงรัก-ภักดี	จงรักภักดี	1	32	p58	confirmed elsewhere in the book
มหา-วิทยาลัย	มหาวิทยาลัย	1	32	p133	confirmed elsewhere in the book
ธรร-มาสน์	ธรรมาสน์	1	32	p198	confirmed elsewhere in the book
นา-การ	นาการ	1	30	p183	confirmed elsewhere in the book
ืองวิตเทน-เบิร์ก	ืองวิตเทนเบิร์ก	1	27	p145	confirmed elsewhere in the book
อิเล็ก-เตอร์	อิเล็กเตอร์	1	26	p161	confirmed elsewhere in the book
ราช-อาณาจักร	ราชอาณาจักร	1	26	p333	confirmed elsewhere in the book
ชาววอล-เดนซิส	ชาววอลเดนซิส	1	25	p64	confirmed elsewhere in the book
คาล-วารี	คาลวารี	1	23	p19	confirmed elsewhere in the book
ผู้-แทนของพระ	ผู้แทนของพระ	1	23	p128	confirmed elsewhere in the book
คร่ำ-ครวญ	คร่ำครวญ	1	21	p176	confirmed elsewhere in the book
อง-ซึ	องซึ	1	20	p133	confirmed elsewhere in the book
จุด-ประสงค์	จุดประสงค์	1	20	p335	confirmed elsewhere in the book
ศาสนา-จารย์	ศาสนาจารย์	1	20	p361	confirmed elsewhere in the book
สวิส-เซอร์แลนด	สวิสเซอร์แลนด	1	19	p214	confirmed elsewhere in the book
ลา-เด	ลาเด	1	19	p347	confirmed elsewhere in the book
ทะเยอ-ทะยาน	ทะเยอทะยาน	1	17	p297	confirmed elsewhere in the book
าร-ทา	ารทา	1	17	p314	confirmed elsewhere in the book
ญา-นา	ญานา	1	16	p265	confirmed elsewhere in the book
วิทยา-ศาสตร์	วิทยาศาสตร์	1	16	p504	confirmed elsewhere in the book
ตราก-ตรำ	ตรากตรำ	1	15	p116	confirmed elsewhere in the book
ระเทศสวิส-เซอร์แลนด	ระเทศสวิสเซอร์แลนด	1	15	p170	confirmed elsewhere in the book
ร์ดิ-นั	ร์ดินั	1	15	p196	confirmed elsewhere in the book
อต-แลนด์	อตแลนด์	1	15	p292	confirmed elsewhere in the book
ที่เกี่ยว-ข้องกับ	ที่เกี่ยวข้องกับ	1	15	p314	confirmed elsewhere in the book
เบอร์-ควิน	เบอร์ควิน	1	14	p207	confirmed elsewhere in the book
กระจัด-กระจาย	กระจัดกระจาย	1	13	p210	confirmed elsewhere in the book
จริย-ธรรม	จริยธรรม	1	12	p116	confirmed elsewhere in the book
คอน-แวนต์	คอนแวนต์	1	12	p146	confirmed elsewhere in the book
เหน็ด-เหนื่อย	เหน็ดเหนื่อย	1	12	p301	confirmed elsewhere in the book
คอน-สแตน	คอนสแตน	1	12	p548	confirmed elsewhere in the book
เดือด-ดาล	เดือดดาล	1	11	p155	confirmed elsewhere in the book
อาณา-นิคม	อาณานิคม	1	11	p285	confirmed elsewhere in the book
เปรอะ-เปื้อน	เปรอะเปื้อน	1	9	p457	confirmed elsewhere in the book
อีโคลัมพา-เดียส	อีโคลัมพาเดียส	1	7	p234	confirmed elsewhere in the book
เจ้า-พนักงานฝ่	เจ้าพนักงานฝ่	1	7	p283	confirmed elsewhere in the book
ศิษยา-ภิบาล	ศิษยาภิบาล	1	6	p69	confirmed elsewhere in the book
เจ้า-หญิง	เจ้าหญิง	1	6	p213	confirmed elsewhere in the book
หา-อำนาจ	หาอำนาจ	1	6	p225	confirmed elsewhere in the book
ตน-ติ	ตนติ	1	6	p322	confirmed elsewhere in the book
เล็กเตอร์-เฟรเดอริค	เล็กเตอร์เฟรเดอริค	1	4	p190	confirmed elsewhere in the book
พระบรม-ราช	พระบรมราช	1	4	p193	confirmed elsewhere in the book
ัน-หย	ันหย	1	4	p251	confirmed elsewhere in the book
ไร้มนุษย-ธรรม	ไร้มนุษยธรรม	1	3	p81	confirmed elsewhere in the book
ประชา-ราษฎร์	ประชาราษฎร์	1	3	p209	confirmed elsewhere in the book
ของสาธารณ-รัฐ	ของสาธารณรัฐ	1	3	p279	confirmed elsewhere in the book
นิว-อิงแลนด์	นิวอิงแลนด์	1	3	p284	confirmed elsewhere in the book
่อ-บ้า	่อบ้า	1	3	p295	confirmed elsewhere in the book
นา-ธิ	นาธิ	1	3	p347	confirmed elsewhere in the book
พันธ-กิจของพระ	พันธกิจของพระ	1	3	p494	confirmed elsewhere in the book
ฟลา-เวล	ฟลาเวล	1	2	p243	confirmed elsewhere in the book
การสำมะเล-เทเมาและก	การสำมะเลเทเมาและก	1	2	p264	confirmed elsewhere in the book
ฐานันดร-ศักดิ์	ฐานันดรศักดิ์	1	2	p267	confirmed elsewhere in the book
รัฐแมสซา-ชูเซตส์เ	รัฐแมสซาชูเซตส์เ	1	2	p284	confirmed elsewhere in the book
เมืองปอค-ฮารา	เมืองปอคฮารา	1	2	p348	confirmed elsewhere in the book
ใจ-เหมือนเ	ใจเหมือนเ	1	2	p351	confirmed elsewhere in the book
เซนนา-เคอริบ	เซนนาเคอริบ	1	2	p493	confirmed elsewhere in the book
อาร์ค-บิชอปแ	อาร์คบิชอปแ	1	2	p539	confirmed elsewhere in the book
คริสต-อาณาจักร	คริสตอาณาจักร	1	2	p588	confirmed elsewhere in the book
สัมพันธ-ภาพ	สัมพันธภาพ	1	2	p626	confirmed elsewhere in the book
นักขัต-ฤกษ์	นักขัตฤกษ์	1	0	p53	the word occurs once in the book, so a reader supplied the boundary
คริสตธรรม-กิตติคุณ	คริสตธรรมกิตติคุณ	1	0	p69	the word occurs once in the book, so a reader supplied the boundary
อสังหา-ริมทรัพย์	อสังหาริมทรัพย์	1	0	p99	the word occurs once in the book, so a reader supplied the boundary
วิทเทม-บาก	วิทเทมบาก	1	0	p165	the word occurs once in the book, so a reader supplied the boundary
พระราช-ชนนี	พระราชชนนี	1	0	p205	the word occurs once in the book, so a reader supplied the boundary
กรีน-แลนด์	กรีนแลนด์	1	0	p293	the word occurs once in the book, so a reader supplied the boundary
คอนเนต-ทิกัต	คอนเนตทิกัต	1	0	p296	the word occurs once in the book, so a reader supplied the boundary
