English	who	form	series	THSV	TH1971	TNCV	books	verses	status	note
Aaron		อาโรน		อาโรน	อาโรน	อาโรน	DA,PP	345	settled	PP: 92 of 93 sites carry the THSV form
Abel		อาแบล	glossary	อาเบล	อาแบล	อาแบล	DA,MB,PP	24	settled	glossary row; THSV writes อาเบล; TH1971 writes อาแบล; TNCV writes อาแบล; PP writes อาแบล at PP 71.1, PP 71.3, PP 72.3 (0 of 15 sites carry the THSV form)
Abiathar		อาบียาธาร์		อาบียาธาร์	อาบียาธาร์	อาบียาธาร์	PP	31	settled	
Abib		เดือนอาบีบ		เดือนอาบีบ	เดือนอาบีบ	ในเดือนอาบีบ	PP	6	settled	TNCV writes ในเดือนอาบีบ
Abiezer		อาบีเยเซอร์		อาบีเยเซอร์	อาบีเยเซอร์	บีเอเซอร์	PP	3	settled	TNCV writes บีเอเซอร์
Abigail		อาบีกายิล		อาบีกายิล	อาบีกายิล	อาบีกายิล	PP	17	settled	
Abihu		อาบีฮู		อาบีฮู	อาบีฮู	อาบีฮู	PP	12	settled	
Abimelech		อาบีเมเลค		อาบีเมเลค	อาบีเมเลค	อาบีเมเลค	PP	67	settled	
Abinadab		อาบีนาดับ		อาบีนาดับ	อาบีนาดับ	อาบีนาดับ	PP	13	settled	
Abiram		อาบีรัม		อาบีรัม	อาบีรัม	อาบีรัม	PP	11	settled	
Abishai		อาบีชัย		อาบีชัย	อาบีชัย	อาบีชัย	PP	24	settled	
Abner		อับเนอร์		อับเนอร์	อับเนอร์	อับเนอร์	PP	63	settled	
Abraham		อับราฮัม	glossary	อับราฮัม	อับราฮัม	อับราฮัม	DA,MB,PP	245	settled	glossary row
Abram		อับราม	glossary	อับราม	อับราม	อับราม	PP	59	settled	glossary row
Absalom		อับซาโลม		อับซาโลม	อับซาโลม	อับซาโลม	PP	108	settled	
Achan		อาคาน		อาคาน	อาคาน	อาคาน	PP	6	settled	
Achish		ชาวอาคาน		อาคี	อาคีช	อาคีช	PP	21	settled	a people, DA 3.K: ชาว before อาคาน (Achan); TH1971 writes อาคีช; TNCV writes อาคีช
Achor		อาโคร์		อาโคร์	อาโคร์	อาโคร์	PP	5	settled	
Adam		อาดัม	glossary	อาดัม	อาดัม	อาดัม	DA,MB,PP,SC	30	settled	glossary row; MB: 3 of 4 sites carry the THSV form
Adonijah		อาโดนียาห์		อาโดนียาห์	อาโดนียาห์	อาโดนียาห์	PP	25	settled	
Adullam		อดุลลัม		อดุลลัม	อดุลลัม	อดุลลัม	PP	8	settled	
Agag		อากัก		อากัก	อากัก	อากัก	PP	8	settled	
Ahab		อาหับ		อาหับ	อาหับ	อาหับ	DA	93	settled	
Ahimaaz		อาหิมาอัส		อาหิมาอัส	อาหิมาอัส	อาหิมาอัส	PP	14	settled	
Ahimelech		อาหิเมเลค		อาหิเมเลค	อาหิเมเลค	อาหิเมเลค	PP	17	settled	
Ahithophel		อาหิโธเฟล		อาหิโธเฟล	อาหิโธเฟล	อาหิโธเฟล	PP	20	settled	
Ahitub		อาหิทูบ		อาหิทูบ	อาหิทูบ	อาหิทูบ	PP	15	settled	
Ai		อัย		อัย	อัย	อัย	PP	36	settled	
Ajalon		อัยยาโลน		อัยยาโลน	อัยยาโลน	อัยยาโลน	PP	3	settled	
Alpha		อัลฟาและโอเม		อัลฟาและโอเม	อัลฟา	อัลฟาและโอเม	DA,PP	4	settled	TH1971 writes อัลฟา
Amalek		อามาเลข		อามาเลข	อามาเลข	อามาเลข	PP	24	settled	
Amalekite		ชาวอามาเลข		อามาเลข	อามาเลข	อามาเลข	PP	3	settled	a people, DA 3.K: ชาว before อามาเลข (Amalek); 
Amalekites		ชาวอามาเลข		อามาเลข	อามาเลข	อามาเลข	PP	24	settled	a people, DA 3.K: ชาว before อามาเลข (Amalek); 
Amasa		อามาสา		อามาสา	อามาสา	อามาสา	PP	16	settled	
Ammon		อัมโมน		อัมโมน	อัมโมน	อัมโมน	PP	91	settled	
Ammonite		ชาวอัมโมน		อัมโมน	อัมโมน	อัมโมน	PP	9	settled	a people, DA 3.K: ชาว before อัมโมน (Ammon); 
Ammonites		ชาวอัมโมน		อัมโมน	อัมโมน	อัมโมน	PP	23	settled	a people, DA 3.K: ชาว before อัมโมน (Ammon); 
Amnon		อัมโนน		อัมโนน	อัมโนน	อัมโนน	PP	28	settled	
Amorite		ชาวอาโมไรต์		อาโมไรต์	อาโมไรต์	อาโมไร	PP	14	settled	a people, DA 3.K: ชาว before อาโมไรต์; TNCV writes อาโมไร
Amorites		ชาวอาโมไรต์		อาโมไรต์	อาโมไรต์	อาโมไร	PP	73	settled	a people, DA 3.K: ชาว before อาโมไรต์; TNCV writes อาโมไร
Amos		อาโมส		อาโมส	อาโมส	อาโมส	DA,PP	8	settled	
Amram		อัมราม		อัมราม	อัมราม	อัมราม	PP	10	settled	
Anak		อานาค		อานาค	อานาค	อานาค	PP	9	settled	
Ananias		อานาเนีย		อานาเนีย	อานาเนีย	อานาเนีย	PP	11	settled	
Andrew		อันดรูว์		อันดรูว์	อันดรูว์	อันดรูว์	DA	13	settled	
Aner		อาเนอร์		อาเนอร์	อาเนอร์	อาเนอร์	PP	2	settled	2 verse(s) in the King James; the three versions agree on the form
Anna		อันนา		อันนา	อันนา	อันนา	DA	1	settled	1 verse(s) in the King James; the three versions agree on the form
Annas		อันนาส		อันนาส	อันนาส	คายาฟาส	DA	3	settled	TNCV writes คายาฟาส
Antipas		อันทีพาส		อันทีพาส	อันทีพาผู้	อันทีพาส	DA	1	settled	1 verse(s) in the King James; the form follows the English name's consonants; TH1971 writes อันทีพาผู้
Aphek		อาเฟก		อาเฟก	เฟก	อาเฟค	PP	8	settled	TH1971 writes เฟก; TNCV writes อาเฟค; PP: 0 of 1 sites carry the THSV form
Apollos		อปอลโล		อปอลโล	อปอลโล	อปอลโล	DA	10	settled	
Aquila		อาควิลลา		อาควิลลา	อาควิลลา	อาควิลลา	PP	5	settled	
Ar		อาร์		อาร์	อาร์	อาร์	PP	6	settled	
Arabia		อาระเบีย		อาระเบีย	อาระเบีย	อาระเบีย	PP	7	settled	
Arad		อาราด		อาราด	อาราด	อาราด	PP	5	settled	
Aram		อารัม	glossary	อารัม	อารัม	อารัม	PP	12	settled	glossary row
Archelaus		อารเคลาอัส		อารเคลาอัส	อารเคลาอัส	อารเคลาอัส	DA	1	settled	1 verse(s) in the King James; the three versions agree on the form
Archite		ชาวอารเคลาอัส		อารคี	อารคี	อารคี	PP	5	settled	a people, DA 3.K: ชาว before อารเคลาอัส (Archelaus); 
Arnon		อารโนน		อารโนน	อารโนน	อารโนน	PP	25	settled	
Artaxerxes		อารทาเซอร์ซีส		อารทาเซอร์ซีส	อารทาเซอร์ซีส	อารทาเซอร์ซีส	DA,SC	14	settled	
Asahel		อาสาเฮล		อาสาเฮล	อาสาเฮล	อาสาเฮล	PP	17	settled	
Ashdod		อัชโดด		อัชโดด	อัชโดด	อัชโดด	PP	20	settled	
Asher		อาเชอร์		อาเชอร์	อาเชอร์	อาเชอร์	PP	42	settled	
Ashkelon		อัชเคโลน		อัชเคโลน	อัช	อัชเคโลน	PP	7	settled	TH1971 writes อัช
Ashtaroth		อัชทาโรท		อัชทาโรท	อัชทาโรท	อัช	PP	11	settled	TNCV writes อัช
Askelon		อัชเคโลน		อัชเคโลน	ชเคโลน	อัชเคโลน	PP	3	settled	TH1971 writes ชเคโลน
Assyrian		ชาวอัสซีเรีย		อัสซีเรีย	อัสซีเรีย	อัสซีเรีย	DA	13	settled	a people, DA 3.K: ชาว before อัสซีเรีย; 
Augustus		ออกัสตัส	glossary		มหาจักรพรร	องค์จักรพรร	DA	4	settled	glossary row
Baal		บาอัล		บาอัล	บาอัล	บาอัล	DA,PP	100	settled	
Baalim		บาอัล		บาอัล	บาอัล	บาอัล	PP	18	settled	
Babel		บาเบล	glossary	บาเบล	บาเบล	บาเบล	PP	2	settled	glossary row
Babylon		บาบิโลน		บาบิโลน	บาบิโลน	บาบิโลน	DA,MB,PP	291	settled	
Babylonish		ชาวบาบิโลน		บาบิโลน	บาบิโลน	บาบิโลน	DA,PP	1	settled	a people, DA 3.K: ชาว before บาบิโลน (Babylon); 1 verse(s) in the King James; the three versions agree on the form
Bahurim		บาฮูริม		บาฮูริม	บาฮูริม	บาฮูริม	PP	5	settled	
Balaam		บาลาอัม		บาลาอัม	บาลาอัม	บาลาอัม	DA,PP	61	settled	
Balak		บาลาค		บาลาค	บาลาค	บาลาค	PP	43	settled	
Baptist		ยอห์นผู้ให้บัพติศ		ยอห์นผู้ให้บัพติศ	รับบัพติศ	ยอห์นผู้ให้บัพติศ	DA,MB	15	settled	TH1971 writes รับบัพติศ
Barabbas		บารับบัส		บารับบัส	บารับบัส	บารับบัส	DA	10	settled	
Barachias		เบเรคียา		เบเรคียา	บารัคยา	เบเรคิยา	DA	1	settled	1 verse(s) in the King James; the form follows the English name's consonants; TH1971 writes บารัคยา; TNCV writes เบเรคิยา
Barak		บาราค		บาราค	บาราค	บาราค	PP	14	settled	
Bashan		บาชาน	glossary	บาชาน	บาชาน	บาชาน	MB,PP	59	settled	glossary row
Beelzebub		เบเอลเซบูล		เบเอลเซบูล	เบเอลเซบูล	เบเอลเซบุบ	DA,PP	7	settled	TNCV writes เบเอลเซบุบ; PP: 0 of 1 sites carry the THSV form
Bela		เบ-ลา		เบ-ลา	เบล	เบลา	PP	11	settled	TH1971 writes เบล; TNCV writes เบลา
Belshazzar		เบลชัสซาร์		เบลชัสซาร์	เบลชัสซาร์	เบลชัสซาร์	DA	6	settled	
Benjamin		เบนยามิน	glossary	เบนยามิน	เบนยามิน	เบนยามิน	PP	164	settled	glossary row
Benjamite		คนเบนยามิน		เบนยามิน	เบนยามิน	เบนยามิน	PP	9	settled	a people, DA 3.K: คน before เบนยามิน (Benjamin); 
Beor		เบโอร์		เบโอร์	เบโอร์	เบโอร์	PP	10	settled	
Besor		เบโสร์		เบโสร์	เบโสร์	เบโสร์	PP	3	settled	
Bethabara		เบธานี	glossary				DA	1	settled	glossary row
Bethany		เบธานี		เบธานี	เบธานี	เบธานี	DA	11	settled	
Bethesda		เบธซาธา	glossary	เบธซาธา	เบธซาธา	เบเธสดา	DA,SC	1	settled	glossary row; TNCV writes เบเธสดา
Bethlehem		เบธเลเฮม	glossary	เบธเลเฮม	เบธเลเฮม	เบธเลเฮม	DA,MB,PP	8	settled	glossary row
Bethsaida		เบธไซดา		เบธไซดา	เบธไซดา	เบธไซดา	DA	7	settled	
Bethuel		เบธูเอล		เบธูเอล	เบธูเอล	เบธูเอล	PP	10	settled	
Bezek		เบเซก		เบเซก	เบเซก	เบเซก	PP	3	settled	
Caiaphas		คายาฟาส		คายาฟาส	คายาฟาส	คายาฟาส	DA	9	settled	
Cain		คาอิน	glossary	คาอิน	คาอิน	คาอิน	DA,PP	19	settled	glossary row
Caleb		คาเลบ		คาเลบ	คาเลบ	คาเลบ	PP	37	settled	
Calvary		ไม้กางเขนแห่งคาลวารี	glossary				DA,MB,PP,SC	1	settled	glossary row; PP writes คาลวารี at PP 69.3, PP 72.3, PP 188.1 (6 site(s)); MB writes นไม้กางเขน at MB 43.2, MB 44.2, MB 64.1 (6 site(s)); SC writes ไม้กางเขน at SC 13.2, SC 26.4, SC 31.2 (6 site(s))
Cana		คานา		คานา	คานาแคว้	คานาในแค	DA	4	settled	TH1971 writes คานาแคว้; TNCV writes คานาในแค
Canaan		คานาอัน	glossary	คานาอัน	คานาอัน	คานาอัน	DA,MB,PP	91	settled	glossary row; PP: 107 of 111 sites carry the THSV form
Canaanite		ชาวคานาอัน		คานาอัน	คานาอัน	คานาอัน	DA,PP	14	settled	a people, DA 3.K: ชาว before คานาอัน (Canaan); 
Canaanites		ชาวคานาอัน		คานาอัน	คานาอัน	คานาอัน	DA,PP	55	settled	a people, DA 3.K: ชาว before คานาอัน (Canaan); 
Canaanitish		ชาวคานาอัน		คานาอัน	คานาอัน	คานาอัน	DA	2	settled	a people, DA 3.K: ชาว before คานาอัน (Canaan); 2 verse(s) in the King James; the three versions agree on the form
Capernaum		คาเปอรนาอุม	glossary	คาเปอรนาอุม	คาเปอรนาอุม	คาเปอรนาอุม	DA,MB	16	settled	glossary row
Carmel		คารเมล		คารเมล	คารเมล	คารเมล	DA,PP	26	settled	PP: 1 of 2 sites carry the THSV form
Carmi		คารมี		คารมี	คารมี	คารมี	PP	8	settled	
Cephas		เคฟาส		เคฟาส	เคฟาส	เคฟาส	DA	6	settled	
Chaldean		ชาวเคลเดีย		เคลเดี	เคลเดี	เคลเดีย	PP	2	settled	a people, DA 3.K: ชาว before เคลเดีย (Chaldees); 2 verse(s) in the King James; the form follows the English name's consonants; TNCV writes เคลเดีย
Chaldees		เคลเดีย		เคลเดีย	เคลเดีย	เคลเดีย	PP	14	settled	
Cherethites		ชาวเคเรธี		เคเรธี	เคเรธี	เคเรธี	PP	9	settled	a people, DA 3.K: ชาว before เคเรธี; 
Cherith		เครีท		เครีท	กระทำ	เครีท	DA,MB	2	settled	2 verse(s) in the King James; the form follows the English name's consonants; TH1971 writes กระทำ
Chorazin		โคราซิน		โคราซิน	โคราซิน	โคราซิน	DA	2	settled	2 verse(s) in the King James; the three versions agree on the form
Cleopas		เคลโอปัส		เคลโอปัส	เคลโอปัส	เคลโอปัส	DA	1	settled	1 verse(s) in the King James; the three versions agree on the form
Corinth		โครินธ์		โครินธ์	โครินธ์	โครินธ์	DA,MB	6	settled	
Cyrenian		ชาวไซรีน		ไซรีน	ไซรีน	ไซรีน	DA	2	settled	a people, DA 3.K: ชาว before ไซรีน; 2 verse(s) in the King James; the three versions agree on the form
Cyrus		ไซรัส	glossary	ไซรัส	ไซรัส	ไซรัส	DA,MB	23	settled	glossary row
Dagon		ดาโกน		ดาโกน	ดาโกน	ดาโกน	PP	13	settled	
Damascus		ดามัสกัส		ดามัสกัส	ดามัสกัส	ดามัสกัส	DA,PP	58	settled	
Dan		ดาน		ดาน	ดาน	ดาน	PP	67	settled	
Daniel		ดาเนียล	glossary	ดาเนียล	ดาเนียล	ดาเนียล	DA,MB,PP,SC	78	settled	glossary row
Dathan		ดาธาน		ดาธาน	ดาธาน	ดาธาน	PP	10	settled	
David		ดาวิด	glossary	ดาวิด	ดาวิด	ดาวิด	DA,MB,PP,SC	1120	settled	glossary row; PP: 279 of 282 sites carry the THSV form
Deborah		เดโบราห์	glossary	เดโบราห์	เดโบราห์	เดโบราห์	PP	10	settled	glossary row
Decapolis		ทศบุรี		ทศบุรี	ทศบุรี	เดคาโปลิส	DA,MB	3	settled	TNCV writes เดคาโปลิส
Delilah		เดลิลาห์		เดลิลาห์	เดลิลาห์	เดลิลาห์	PP	5	settled	
Doeg		โดเอก		โดเอก	โดเอก	โดเอก	PP	6	settled	
Dothan		โดธาน	glossary	โดธาน	โดธาน	โดธาน	PP	3	settled	glossary row
Ebal		เอบาล	glossary	เอบาล	เอบาล	อบาล	PP	8	settled	glossary row; TNCV writes อบาล
Edar		เอเดอร์		เอเดอร์	เอเดอร์	เอเดอร์	PP	1	settled	1 verse(s) in the King James; the three versions agree on the form
Eden		เอเดน	glossary	เอเดน	เอเดน	เอเดน	DA,MB,PP,SC	20	settled	glossary row; MB: 5 of 6 sites carry the THSV form
Edom		เอโดม		เอโดม	เอโดม	เอโดม	PP	86	settled	
Edomite		ชาวเอโดม		เอโดม	เอโดม	เอโดม	DA,PP	7	settled	a people, DA 3.K: ชาว before เอโดม (Edom); PP: 2 of 3 sites carry the THSV form
Edomites		ชาวเอโดม		เอโดม	เอโดม	เอโดม	PP	13	settled	a people, DA 3.K: ชาว before เอโดม (Edom); 
Edrei		เอเดรอี		เอเดรอี	เอเดรอี	เอเดรอี	PP	8	settled	
Egypt		อียิปต์	glossary	อียิปต์	อียิปต์	อียิปต์	DA,MB,PP	605	settled	glossary row; PP: 191 of 192 sites carry the THSV form
Egyptian		ชาวอียิปต์		คนอียิปต์	คนอียิปต์	ชาวอียิปต์	DA,PP	27	settled	a people, DA 3.K: ชาว before อียิปต์ (Egypt); the series prints อียิปต์; THSV writes คนอียิปต์; TNCV writes ชาวอียิปต์; อียิปต์ in the Thai EGW library 58 time(s)
Egyptians		ชาวอียิปต์		คนอียิปต์	ชาวอียิปต์	ชาวอียิปต์	DA,PP	98	settled	a people, DA 3.K: ชาว before อียิปต์; the series prints ชาวอียิปต์; THSV writes คนอียิปต์; TH1971 writes ชาวอียิปต์; TNCV writes ชาวอียิปต์; ชาวอียิปต์ in the Thai EGW library 7 time(s)
Ehud		เอฮูด		เอฮูด	เอฮูด	เอฮูด	PP	10	settled	
Ekron		เอโครน		เอโครน	เอโครน	เอโครน	PP	21	settled	
Elam		เอลาม	glossary	เอลาม	เอลาม	เอลาม	PP	25	settled	glossary row
Elamites		ชาวเอลาม		เอลาม	เอลาม	เอลาม	PP	2	settled	a people, DA 3.K: ชาว before เอลาม (Elam); 2 verse(s) in the King James; the three versions agree on the form
Eleazar		เอเลอาซาร์		เอเลอาซาร์	เอเลอาซาร์	เอเลอาซาร์	PP	70	settled	
Eli		เอลี		เอลี	เอลี	เอลี	PP	35	settled	
Eliab		เอลีอับ		เอลีอับ	เอลีอับ	เอลีอับ	PP	18	settled	
Elias		เอลียาห์	glossary	เอลียาห์	เอลียาห์	เอลียาห์	DA	29	settled	glossary row
Eliezer		เอลีเอเซอร์	glossary	เอลีเอเซอร์	เซอร์	เซอร์	PP	14	settled	glossary row; TH1971 writes เซอร์; TNCV writes เซอร์
Elijah		เอลียาห์	glossary	เอลียาห์	เอลียาห์	เอลียาห์	DA,MB,PP	69	settled	glossary row
Elim		เอลิม		เอลิม	เอลิม	เอลิม	PP	6	settled	
Elisabeth		เอลีซาเบธ		เอลีซาเบธ	เอลีซาเบธ	เอลีซาเบธ	DA	9	settled	
Elisha		เอลีชา		เอลีชา	เอลีชา	เอลีชา	DA	58	settled	
Elkanah		เอลคานาห์		เอลคานาห์	เอลคานาห์	เอลคานาห์	PP	19	settled	
Emmaus		เอมมาอูส		เอมมาอูส	เอมมาอูส	เอมมาอูส	DA	1	settled	1 verse(s) in the King James; the three versions agree on the form
Endor		เอนโดร์		เอนโดร์	เอนโดร์	เอนโดร์	PP	1	settled	1 verse(s) in the King James; the three versions agree on the form
Enoch		เอโนค	glossary	เอโนค	เอโนค	เอโนค	DA,PP,SC	12	settled	glossary row
Enos		เอโนช	glossary	เอโน	เอโน	เอโนช	PP	7	settled	glossary row; THSV writes เอโน; TNCV writes เอโนช
Ephesian		ชาวเอเฟซัส		เอเฟซั	เอเฟซั	เอเฟซั	DA,MB,PP,SC	1	settled	a people, DA 3.K: ชาว before เอเฟซัส (Ephesus); 1 verse(s) in the King James; the three versions agree on the form
Ephesus		เอเฟซัส		เอเฟซัส	เอเฟซัส	เอเฟซัส	DA,PP	17	settled	
Ephraim		เอฟราอิม		เอฟราอิม	เอฟราอิม	เอฟราอิม	PP	159	settled	
Ephraimites		คนเอฟราอิม		คนเอฟราอิม	คนเอฟราอิม	ชาวเอฟราอิม	PP	5	settled	a people, DA 3.K: คน before เอฟราอิม; TNCV writes ชาวเอฟราอิม; PP: 1 of 2 sites carry the THSV form
Ephrath		เอฟราธาห์	glossary	เอฟราธาห์	เอฟราธาห์	เอฟรา	PP	5	settled	glossary row; TNCV writes เอฟรา
Esaias		อิสยาห์	glossary	อิสยา	อิสยา	อิสยา	DA	20	settled	glossary row; THSV writes อิสยา
Esau		เอซาว	glossary	เอซาว	เอซาว	เอซาว	DA,MB,PP,SC	97	settled	glossary row
Eshcol		เอชโคล์		เอชโคล์	เอชโคล์	เอชโคล์	PP	6	settled	
Eshtaol		เอชทาโอล		เอชทาโอล	เอชทาโอล	เอชทาโอล	PP	7	settled	
Etam		เอตาม		เอตาม	เอตาม	เอตาม	PP	5	settled	
Etham		เอธาม		เอธาม	เอธาม	เอธาม	PP	4	settled	
Ethiopian		ชาวคูช		คูช	เอธิโอเปีย	คูช	SC	8	settled	a people, DA 3.K: ชาว before คูช; TH1971 writes เอธิโอเปีย; SC: 0 of 1 sites carry the THSV form
Eunice		นี้ข้าพ		นี้ข้าพ	นี้ข้าพ	นก็	PP	1	settled	1 verse(s) in the King James; the form follows the English name's consonants; TNCV writes นก็; PP: 0 of 1 sites carry the THSV form
Euphrates		ยูเฟรติส		ยูเฟรติส	ยูเฟรติส	ยูเฟรติส	PP	21	settled	
Eve		เอวา	glossary	เอวา	เอวา	เอวา	DA,PP,SC	4	settled	glossary row
Ezekiel		เอเสเคียล	glossary	เอเสเคียล	เอเสเคียล	เอเสเคียล	DA,MB,PP,SC	2	settled	glossary row
Ezra		เอสรา		เอสรา	เอสรา	เอสรา	DA	26	settled	
Gabriel		กาเบรียล		กาเบรียล	กาเบรียล	กาเบรียล	DA	4	settled	
Gad		กาด		กาด	กาด	กาด	PP	70	settled	
Galilean		ชาวกาลิลี		ชาวกาลิลี	ชาวกาลิลี	ชาวกาลิลี	DA,MB	3	settled	a people, DA 3.K: ชาว before กาลิลี; MB: 0 of 1 sites carry the THSV form
Galileans		ชาวกาลิลี		กาลิลี	กาลิลี	กาลิลี	DA,MB	5	settled	a people, DA 3.K: ชาว before กาลิลี (Galilee); 
Galilee		กาลิลี	glossary	กาลิลี	กาลิลี	กาลิลี	DA,MB,PP,SC	72	settled	glossary row
Gath		กัท		กัท	กัท	กัท	PP	38	settled	
Gaza		กาซา		กาซา	กาซา	กาซา	PP	18	settled	
Gazer		เกเซอร์		เกเซอร์	เกเซอร์	เกเซอร์	PP	2	settled	2 verse(s) in the King James; the three versions agree on the form
Geba		เกบา		เกบา	เกบา	เกบา	PP	12	settled	
Gennesaret		เยนเนซาเรท		เยนเนซาเรท	เยนเนซาเรท	เยนเนซาเรท	DA,MB	3	settled	
Gera		เก-รา		เก-รา	เก-รา	เกรา	PP	9	settled	TNCV writes เกรา
Gergesenes		ชาวกาดารา	glossary				DA	1	settled	glossary row
Gerizim		เกริซิม	glossary	เกริซิม	เกริซิม	เกริซิม	DA,MB,PP	4	settled	glossary row
Gershonites		ชาวเกอร์โช		เกอร์โช	เกอร์โช	เกอร์โชน	PP	9	settled	a people, DA 3.K: ชาว before เกอร์โช; TNCV writes เกอร์โชน
Geshur		เกชูร์		เกชูร์	เกชูร์	เกชูร์	PP	8	settled	
Geshurites		ชาวเกชูร์		เกชูร์	เกชูร์	เกชูร์	PP	5	settled	a people, DA 3.K: ชาว before เกชูร์ (Geshur); 
Gethsemane		เกทเสมนี	glossary	เกทเสมนี	เกทเสมนี	เกทเสมนี	DA,PP,SC	2	settled	glossary row
Gezrites		ชาวเกเซอร์		เกเซอร์	เกชูร์	เกอร์ซี	PP	1	settled	a people, DA 3.K: ชาว before เกเซอร์; 1 verse(s) in the King James; the form follows the English name's consonants; TH1971 writes เกชูร์; TNCV writes เกอร์ซี; PP: 0 of 1 sites carry the THSV form
Gibeah		กิเบอาห์		กิเบอาห์	กิเบอาห์	กิเบอาห์	PP	47	settled	
Gibeon		กิเบโอน		กิเบโอน	กิเบโอน	กิเบโอน	PP	36	settled	
Gibeonites		ชาวกิเบโอน		กิเบโอน	กิเบโอน	กิเบโอน	PP	6	settled	a people, DA 3.K: ชาว before กิเบโอน (Gibeon); 
Gideon		กิเดโอน		กิเดโอน	กิเดโอน	กิเดโอน	PP	39	settled	
Gilboa		กิลโบอา		กิลโบอา	กิลโบอา	กิลโบอา	PP	8	settled	
Gilead		กิเลอาด	glossary	กิเลอาด	กิเลอาด	กิเลอาด	DA,PP	97	settled	glossary row
Gileadite		ชาวกิเลอาด		กิเลอาด	กิเลอาด	กิเลอาด	PP	9	settled	a people, DA 3.K: ชาว before กิเลอาด (Gilead); 
Gilgal		กิลกาล		กิลกาล	กิลกาล	กิลกาล	PP	41	settled	
Gittite		ชาวกัท		กัท	กัท	กัท	PP	8	settled	a people, DA 3.K: ชาว before กัท; 
Gittites		ชาวกัท		กัท	กัท	กัท	PP	2	settled	a people, DA 3.K: ชาว before กัท; 2 verse(s) in the King James; the three versions agree on the form
God-ward		ในพระเจ้า		ในพระเจ้า	ในพระเจ้า	เฉพาะ	PP	3	settled	TNCV writes เฉพาะ; PP: 0 of 1 sites carry the THSV form
Golgotha		กลโกธา	glossary	กะโหลกศีรษะ	กะโหลกศีรษะ	กลโกธา	DA	3	settled	glossary row; THSV writes กะโหลกศีรษะ; TNCV writes กลโกธา
Goliath		โกลิอัท		โกลิอัท	โกลิอัท	โกลิอัท	PP	6	settled	
Gomorrah		โกโมราห์	glossary	โกโมราห์	โกโมราห์	โกโมราห์	DA,PP	19	settled	glossary row
Goshen		โกเชน		โกเชน	โกเชน	โกเชน	PP	15	settled	
Greece		กรีก	กรีก (PP)	กรีซ	กรีก	กรีซ	PP	2	settled	the series prints กรีก; THSV writes กรีซ; TH1971 writes กรีก; กรีก in the Thai EGW library 16 time(s)
Habakkuk		ฮาบากุก		ฮาบากุก	ฮาบากุก	ฮาบากุก	DA,PP	2	settled	2 verse(s) in the King James; the three versions agree on the form
Hagar		ฮาการ์	glossary	ฮาการ์	ฮาการ์	ฮาการ์	PP	12	settled	glossary row
Haggai		ฮักกัย		ฮักกัย	ฮักกัย	ฮักกัย	PP	11	settled	
Ham		ฮาม	glossary	ฮาม	ฮาม	ฮาม	PP	17	settled	glossary row
Hamor		ฮาโมร์	glossary	ฮาโมร์	ฮาโมร์	ฮาโมร์	PP	13	settled	glossary row
Hannah		ฮันนาห์		ฮันนาห์	ฮันนาห์	ฮันนาห์	PP	13	settled	
Hanun		ฮานูน		ฮานูน	ฮานูน	ฮานูน	PP	11	settled	
Haran		ฮาราน	glossary	ฮาราน	ฮาราน	ฮาราน	DA,PP	18	settled	glossary row
Hareth		เฮเรท		เฮเรท	เฮเรท	เฮเรท	PP	1	settled	1 verse(s) in the King James; the three versions agree on the form
Havilah		ฮาวิลาห์		ฮาวิลาห์	ฮาวิ	ฮาวิ	PP	7	settled	TH1971 writes ฮาวิ; TNCV writes ฮาวิ; PP: 0 of 1 sites carry the THSV form
Hazeroth		ฮาเซโรท		ฮาเซโรท	ฮาเซโรท	ฮาเซโรท	PP	6	settled	
Hazor		ฮาโซร์		ฮาโซร์	ฮาโซร์	ฮาโซร์	PP	18	settled	
Hebron		เฮโบรน	glossary	เฮโบรน	เฮโบรน	เฮโบรน	PP	72	settled	glossary row
Hermon		เฮอร์โมน		เฮอร์โมน	เฮอร์โมน	เฮอร์โมน	PP	13	settled	
Herod		เฮโรด		เฮโรด	เฮโรด	เฮโรด	DA	44	settled	
Herodians		ชาวเฮโรด		เฮโรด	เฮโรด	กลุ่มผู้สนับสนุนเฮโร	DA	3	settled	a people, DA 3.K: ชาว before เฮโรด (Herod); TNCV writes กลุ่มผู้สนับสนุนเฮโร
Herodias		งเฮโรเดียส		งเฮโรเดียส	นางเฮโรเดียส	นางเฮโรเดียส	DA	6	settled	TH1971 writes นางเฮโรเดียส; TNCV writes นางเฮโรเดียส
Heshbon		เฮชโบน		เฮชโบน	เฮชโบน	เฮชโบน	PP	35	settled	
Heth		ฮิตไทต์		ฮิตไทต์	ฮิตไทต์	ฮิตไทต์	PP	14	settled	
Hiram		ฮีราม		ฮีราม	ฮีราม	ฮีราม	PP	23	settled	
Hittite		ชาวฮิตไทต์		ฮิตไทต์	ฮิตไทต์	ฮิตไทต์	PP	26	settled	a people, DA 3.K: ชาว before ฮิตไทต์; 
Hivite		ชาวฮีไวต์		ฮีไวต์	ฮีไวต์	ฮีไว	PP	9	settled	a people, DA 3.K: ชาว before ฮีไวต์; TNCV writes ฮีไว
Hobab		โฮบับ		โฮบับ	โฮบับ	โฮบับ	PP	2	settled	2 verse(s) in the King James; the three versions agree on the form
Hophni		โฮฟนีและฟีเน		โฮฟนีและฟีเน	โฮฟนีและฟีเน	ฟีเนหัส	PP	5	settled	TNCV writes ฟีเนหัส
Hor		โฮร์		โฮร์	โฮร์	โฮร์	PP	14	settled	
Horeb		โฮเรบ		โฮเรบ	โฮเรบ	โฮเรบ	DA,PP	17	settled	
Hosea		โฮเชยา		โฮเชยา	โฮเชยา	โฮเชยา	DA,MB,PP,SC	3	settled	
Hur		เฮอร์		เฮอร์	เฮอร์	เฮอร์	PP	16	settled	
Hushai		หุชัย		หุชัย	หุชัย	หุชัย	PP	14	settled	
Idumea		เอโดม		เอโดม	เอโดม	เอโดม	DA,MB	5	settled	
Immanuel		อิมมานูเอล	glossary	อิมมานูเอล	อิมมานูเอล	อิมมานูเอล	DA,MB	2	settled	glossary row
Isaac		อิสอัค	glossary	อิสอัค	อิสอัค	อิสอัค	DA,PP	131	settled	glossary row
Isaiah		อิสยาห์	glossary	อิสยาห์	อิสยาห์	อิสยาห์	DA,MB,PP,SC	32	settled	glossary row
Iscariot		ยูดาส		ยูดาส	ยูดาส	ยูดาส	DA,SC	11	settled	
Ishmael		อิชมาเอล	glossary	อิชมาเอล	อิชมาเอล	อิชมาเอล	PP	47	settled	glossary row
Ishmaelites		ชาวอิชมาเอล		อิชมาเอล	ชมาเอล	อิชมาเอล	PP	2	settled	a people, DA 3.K: ชาว before อิชมาเอล (Ishmael); 2 verse(s) in the King James; the form follows the English name's consonants; TH1971 writes ชมาเอล
Israel		อิสราเอล	glossary	อิสราเอล	อิสราเอล	อิสราเอล	DA,MB,PP,SC	2564	settled	glossary row; PP: 657 of 681 sites carry the THSV form; MB: 19 of 22 sites carry the THSV form
Israelite		คนอิสราเอล		บุตรของ	ของชาย	ชาวอิสราเอล	DA,PP,SC	4	settled	a people, DA 3.K: คน before อิสราเอล (Israel); the series prints ตุลาการ; THSV writes บุตรของ; TH1971 writes ของชาย; TNCV writes ชาวอิสราเอล; ตุลาการ in the Thai EGW library 2 time(s)
Israelites		คนอิสราเอล		อิสราเอล	อิสราเอล	อิสราเอล	DA,MB,PP,SC	18	settled	a people, DA 3.K: คน before อิสราเอล (Israel); the form also occurs in 12 percent of other verses
Israelitish		คนอิสราเอล		ของหญิงอิสราเอล	หญิงอิสราเอล	ชายอิสราเอลคนหนึ่ง	PP	3	settled	a people, DA 3.K: คน before อิสราเอล (Israel); the series prints อิสราเอลโดย; THSV writes ของหญิงอิสราเอล; TH1971 writes หญิงอิสราเอล; TNCV writes ชายอิสราเอลคนหนึ่ง; อิสราเอลโดย in the Thai EGW library 2 time(s)
Ithamar		อิธามาร์		อิธามาร์	อิธามาร์	อิธามาร์	PP	21	settled	
Ittai		อิททัย		อิททัย	อิททัย	อิททัย	PP	8	settled	
Jabbok		ยับบอก	glossary	ยับบอก	ยับบอก	ยับบอก	PP	7	settled	glossary row
Jabesh		ยาเบช		ยาเบช	ยาเบช	ยาเบช	PP	24	settled	
Jabin		ยาบิน		ยาบิน	ยาบิน	ยาบิน	PP	8	settled	
Jacob		ยาโคบ	glossary	ยาโคบ	ยาโคบ	ยาโคบ	DA,MB,PP,SC	376	settled	glossary row; PP: 144 of 150 sites carry the THSV form
Jairus		ไยรัส		ไยรัส	ไยรัส	ไยรัส	DA	2	settled	2 verse(s) in the King James; the three versions agree on the form
James		ยากอบ	glossary	ยากอบ	ยากอบ	ยากอบ	DA,MB,PP,SC	39	settled	glossary row
Japheth		ยาเฟท	glossary	ยาเฟท	ยาเฟท	ยาเฟท	PP	11	settled	glossary row
Jebus		เยบุส		เยบุส	เยบุส	เยบุส	PP	4	settled	
Jebusite		ชาวเยบุส		เยบุส	เยบุส	เยบุส	PP	14	settled	a people, DA 3.K: ชาว before เยบุส (Jebus); 
Jebusites		ชาวเยบุส		เยบุส	เยบุส	เยบุส	PP	25	settled	a people, DA 3.K: ชาว before เยบุส (Jebus); 
Jephthah		เยฟธาห์		เยฟธาห์	เยฟธาห์	เยฟธาห์	PP	29	settled	
Jephunneh		เยฟุนเนห์		เยฟุนเนห์	เยฟุนเนห์	เยฟุนเนห์	PP	15	settled	
Jeremiah		เยเรมีย์	glossary	เยเรมีย์	เยเรมีย์	เยเรมีย์	DA,MB,PP,SC	146	settled	glossary row
Jericho		เยรีโค		เยรีโค	เยรีโค	เยรีโค	DA,PP	64	settled	
Jerubbaal		เยรุบบาอัล		เยรุบบาอัล	เยรุบบาอัล	เยรุบบาอัล	PP	14	settled	
Jerusalem		เยรูซาเล็ม	glossary	เยรูซาเล็ม	เยรูซาเล็ม	เยรูซาเล็ม	DA,MB,PP,SC	810	settled	glossary row; PP: 38 of 41 sites carry the THSV form
Jeshurun		เยชูรูน	glossary	เยชูรูน	รูน	เยชูรุน	PP	3	settled	glossary row; TH1971 writes รูน; TNCV writes เยชูรุน; PP: 0 of 1 sites carry the THSV form
Jesse		เจสซี		เจสซี	เจสซี	เจสซี	DA,PP	47	settled	PP: 21 of 24 sites carry the THSV form
Jethro		เยโธร		เยโธร	เยโธร	เยโธร	PP	10	settled	
Jewry		ยูเดีย		ยูเดีย	ยูเดีย	ยูเดีย	DA	3	settled	
Jezebel		เยเซเบล		เยเซเบล	เยเซเบล	เยเซเบล	DA	23	settled	
Jezreel		ยิสเรเอล		ยิสเรเอล	ยิสเรเอล	ยิสเรเอล	PP	35	settled	
Joab		โยอาบ		โยอาบ	โยอาบ	โยอาบ	PP	144	settled	
Joash		โยอาช		โยอาช	โยอาช	โยอาช	PP	48	settled	
Job		โยบ		โยบ	โยบ	โยบ	DA,MB,PP,SC	59	settled	
Jochebed		โยเคเบด		โยเคเบด	โยเคเบด	โยเคเบด	PP	2	settled	2 verse(s) in the King James; the three versions agree on the form
Joel		โยเอล		โยเอล	โยเอล	โยเอล	MB,PP	17	settled	
John		ยอห์น	glossary	ยอห์น	ยอห์น	ยอห์น	DA,MB,PP,SC	127	settled	glossary row
Jona		โยนาห์	glossary				DA	1	settled	glossary row
Jonah		โยนาห์		โยนาห์	โยนาห์	โยนาห์	DA,SC	19	settled	
Jonas		โยนาห์	glossary	โยนาห์	โยนาห์	โยนาห์	DA	12	settled	glossary row
Jonathan		โยนาธาน		โยนาธาน	โยนาธาน	โยนาธาน	PP	121	settled	
Jordan		จอร์แดน	glossary	จอร์แดน	จอร์แดน	จอร์แดน	DA,MB,PP	196	settled	glossary row; PP: 55 of 56 sites carry the THSV form
Joseph		โยเซฟ	glossary	โยเซฟ	โยเซฟ	โยเซฟ	DA,PP	241	settled	glossary row
Joshua		โยชูวา	glossary	โยชูวา	โยชูวา	โยชูวา	DA,MB,PP	211	settled	glossary row
Josiah		โยสิยาห์		โยสิยาห์	โยสิยาห์	โยสิยาห์	DA	51	settled	
Judah		ยูดาห์	glossary	ยูดาห์	ยูดาห์	ยูดาห์	DA,MB,PP	802	settled	glossary row
Judas		ยูดาส		ยูดาส	ยูดาส	ยูดาส	DA,PP	31	settled	
Judea		ยูเดีย		ยูเดีย	ยูเดีย	ยูเดีย	DA,MB,PP	44	settled	
Kadesh		คาเดช		คาเดช	คาเดช	คาเดช	PP	28	settled	PP: 16 of 18 sites carry the THSV form
Keilah		เคอีลาห์		เคอีลาห์	เคอีลาห์	เคอีลาห์	PP	18	settled	
Kenites		ชาวเคไนต์		เคไนต์	เคไน	เคไนต์	PP	8	settled	a people, DA 3.K: ชาว before เคไนต์; TH1971 writes เคไน
Kidron		ขิดโรน		ขิดโรน	ขิดโรน	ขิดโรน	PP	11	settled	
Kish		คีช		คีช	คีช	คีช	PP	21	settled	
Kohath		โคฮาท		โคฮาท	โคฮาท	โคฮาท	PP	32	settled	
Kohathites		ชาวโคฮาท		โคฮาท	โคฮาท	โคฮาท	PP	15	settled	a people, DA 3.K: ชาว before โคฮาท (Kohath); 
Korah		โคราห์		โคราห์	โคราห์	โคราห์	PP	35	settled	
Laban		ลาบัน	glossary	ลาบัน	ลาบัน	ลาบัน	DA,PP	55	settled	glossary row
Lamech		ลาเมค	glossary	ลาเมค	ลาเมค	ลาเมค	PP	12	settled	glossary row
Lazarus		ลาซารัส		ลาซารัส	ลาซารัส	ลาซารัส	DA	15	settled	
Leah		เลอาห์	glossary	เลอาห์	เลอาห์	เลอาห์	PP	33	settled	glossary row
Lebanon		เลบานอน		เลบานอน	เลบานอน	เลบานอน	DA,MB,PP	69	settled	PP: 7 of 8 sites carry the THSV form
Levi		เลวี	glossary	เลวี	เลวี	เลวี	DA,PP	72	settled	glossary row
Levite		คนเลวี		เลวี	เลวี	เลวี	DA,PP	28	settled	a people, DA 3.K: คน before เลวี (Levi); 
Levites		คนเลวี		เลวี	เลวี	เลวี	DA,PP	265	settled	a people, DA 3.K: คน before เลวี (Levi); 
Lois		โลอิส		โลอิส	โลอิส	โลอิส	PP	1	settled	1 verse(s) in the King James; the three versions agree on the form
Lucifer		ลูซีเฟอร์	glossary				DA,PP	1	settled	glossary row; PP writes ลูซีเฟอร์ at PP 35.1, PP 35.2, PP 35.3 (17 site(s))
Luke		ลูกา		ลูกา	ลูกา	อลูกา	DA,MB,PP,SC	1	settled	1 verse(s) in the King James; the form follows the English name's consonants; TNCV writes อลูกา; MB: 15 of 16 sites carry the THSV form
Macedonian		ชาวมาซิโดเนี		มาซิโดเนี	มาซิโดเนี	มาซิโดเนี	MB	1	settled	a people, DA 3.K: ชาว before มาซิโดเนี; 1 verse(s) in the King James; the three versions agree on the form
Machir		มาคีร์		มาคีร์	มาคีร์	มาคีร์	PP	22	settled	PP: 0 of 1 sites carry the THSV form
Machpelah		มัคเป-ลาห์		มัคเป-ลาห์	มัคเป-ลาห์	มัคเปลาห์	PP	6	settled	TNCV writes มัคเปลาห์; PP: 3 of 5 sites carry the THSV form
Magdala		มากาดาน		มากาดาน	มากาดาน	มากาดาน	DA	1	settled	1 verse(s) in the King James; the three versions agree on the form
Magdalene		ชาวมักดาลา		ชาวมักดาลา	มักดาลา	รีย์ชาวมักดาลา	DA,MB	12	settled	a people, DA 3.K: ชาว before มักดาลา; TH1971 writes มักดาลา
Mahanaim		มาหะนาอิม	glossary	มาหะนาอิม	มาหะนาอิม	มาหะนาอิม	PP	13	settled	glossary row
Malachi		มาลาคี		มาลาคี	มาลาคี	มาลาคี	DA,PP	1	settled	1 verse(s) in the King James; the three versions agree on the form
Mamre		มัมเร	glossary	มัมเร	มัมเร	มัมเร	DA,PP	10	settled	glossary row
Manasseh		มนัสเสห์		มนัสเสห์	มนัสเสห์	มนัสเสห์	PP	143	settled	
Manoah		มาโนอาห์		มาโนอาห์	มาโนอาห์	มาโนอาห์	DA,PP	18	settled	
Maon		มาโอน		มาโอน	มาโอน	มาโอน	PP	6	settled	
Maonites		ชาวมาโอน		มาโอน	มาโอน	มาโอน	PP	1	settled	a people, DA 3.K: ชาว before มาโอน (Maon); 1 verse(s) in the King James; the three versions agree on the form
Marah		ราห์		ราห์	ราห์	มาราห์	PP	5	settled	TNCV writes มาราห์
Martha		มารธา		มารธา	มารธา	มารธา	DA	11	settled	
Mary		มารีย์		มารีย์	มารีย์	มารีย์	DA	53	settled	
Massah		มัสสาห์		มัสสาห์	มัสสาห์	มัสสาห์	PP	4	settled	
Matthew		มัทธิว		มัทธิว	มัทธิว	มัทธิว	DA,MB,PP,SC	4	settled	
Melchizedek		เมลคีเซเดค	glossary	เมลคีเซเดค	เมลคีเซเดค	เมลคีเซเดค	PP	2	settled	glossary row
Mephibosheth		เมฟีโบเชท		เมฟีโบเชท	เมฟีโบเชท	เมฟีโบเชท	PP	15	settled	
Merarites		ชาวเมรารี		เมรารี	เมรารี	เมรารี	PP	1	settled	a people, DA 3.K: ชาว before เมรารี; 1 verse(s) in the King James; the three versions agree on the form
Meribah		เมรีบาห์		เมรีบาห์	เมรีบาห์	เมรีบาห์	DA,PP	7	settled	
Merom		เมโรม		เมโรม	เมโรม	เมโรม	PP	2	settled	2 verse(s) in the King James; the three versions agree on the form
Mesopotamia		เมโสโปเตเมีย	glossary	เมโสโปเตเมีย	เมโสโปเตเมีย	อารัมนาหะราอิม	MB,PP	7	settled	glossary row; TNCV writes อารัมนาหะราอิม
Messias		เมสสิยาห์	glossary	เมสสิ	เมสสิ	เมสสิ	DA	2	settled	glossary row; THSV writes เมสสิ
Methuselah		เมธูเสลาห์	glossary	เมธูเสลาห์	เมธูเสลาห์	เมธูเสลาห์	PP	6	settled	glossary row
Micah		มีคาห์		มีคาห์	มีคาห์	มีคาห์	DA,MB,PP	28	settled	
Michael		มีคาเอล		มีคาเอล	มีคาเอล	มีคาเอล	DA,PP	13	settled	
Michal		มีคาล		มีคาล	มีคาล	มีคาล	PP	18	settled	
Michmash		มิคมาช		มิคมาช	มิคมาช	มิคมาช	PP	9	settled	
Midian		ชาวมีเดียน		มีเดียน	มีเดียน	มีเดียน	DA,PP	39	settled	a people, DA 3.K: ชาว before มีเดียน; PP: 17 of 18 sites carry the THSV form
Midianite		ชาวมีเดียน		มีเดียน	มีเดียน	มเดิน	PP	1	settled	a people, DA 3.K: ชาว before มีเดียน; 1 verse(s) in the King James; the form follows the English name's consonants; TNCV writes มเดิน
Midianites		ชาวมีเดียน		มีเดียน	มีเดียน	มีเดียน	PP	24	settled	a people, DA 3.K: ชาว before มีเดียน; 
Midianitish		ชาวมีเดียน		มีเดียน	มีเดียน	มีเดียน	PP	3	settled	a people, DA 3.K: ชาว before มีเดียน; 
Miriam		มิเรียม		มิเรียม	เรียม	มิเรียม	PP	15	settled	TH1971 writes เรียม
Mizpah		มิสปาห์		มิสปาห์	มิสปาห์	มิสปาห์	PP	23	settled	
Mizpeh		มิสปาห์		มิสปาห์	มิสปาห์	มิสปาห์	PP	23	settled	
Moab		โมอับ		โมอับ	โมอับ	โมอับ	DA,PP	160	settled	
Moabites		ชาวโมอับ		โมอับ	โมอับ	โมอับ	PP	19	settled	a people, DA 3.K: ชาว before โมอับ (Moab); 
Moabitish		ชาวโมอับ		โมอับ	โมอับ	โมอับ	PP	1	settled	a people, DA 3.K: ชาว before โมอับ (Moab); 1 verse(s) in the King James; the three versions agree on the form
Mordecai		โมรเดคัย	glossary	โมรเดคัย	โมรเดคัย	โมรเดคัย	MB	60	settled	glossary row
Moreh		โมเรห์		โมเรห์	โมเรห์	โมเรห์	PP	3	settled	
Moriah		โมริยาห์	glossary	โมริยาห์	โมริยาห์	โมริยาห์	DA,PP	2	settled	glossary row
Moses		โมเสส	glossary	โมเสส	โมเสส	โมเสส	DA,MB,PP,SC	842	settled	glossary row
Naaman		นาอามาน		นาอามาน	นาอามาน	นาอามาน	DA	17	settled	
Nabal		นาบาล		นาบาล	นาบาล	นาบาล	PP	21	settled	
Nachon		นาโคน		นาโคน	นาโคน	นาโคน	PP	1	settled	1 verse(s) in the King James; the three versions agree on the form
Nadab		นาดับ		นาดับ	นาดับ	นาดับ	PP	16	settled	
Nahash		นาฮาช	นาฮาช (PP)	นาหาช	นาหาช	นาหาช	PP	9	settled	the series prints นาฮาช; THSV writes นาหาช; นาฮาช in the Thai EGW library 0 time(s)
Nahor		นาโฮร์		นาโฮร์	นาโฮร์	นาโฮร์	PP	17	settled	
Nahum		นาฮูม		นาฮูม	นาฮูม	นาฮูม	PP	1	settled	1 verse(s) in the King James; the three versions agree on the form
Nain		นาอิน		นาอิน	นาอิน	นาอิน	DA	1	settled	1 verse(s) in the King James; the three versions agree on the form
Naphtali		นัฟทาลี		นัฟทาลี	นัฟทาลี	นัฟทาลี	DA,PP	49	settled	
Nathan		นาธัน		นาธัน	นาธัน	นาธัน	DA,PP	44	settled	
Nathanael		นาธานาเอล	glossary	นาธานาเอล	นาธานาเอล	นาธานาเอล	DA,PP,SC	4	settled	glossary row
Nazarene		ชาวนาซาเร็ธ		นาซาเร็ธ	นาซาเร็ธ	นาซาเร็ธ	DA	1	settled	a people, DA 3.K: ชาว before นาซาเร็ธ (Nazareth); 1 verse(s) in the King James; the three versions agree on the form
Nazarenes		ชาวนาซาเร็ธ		นาซาเร็ธ	นาซาเร็	นาซาเร็ธ	DA	1	settled	a people, DA 3.K: ชาว before นาซาเร็ธ (Nazareth); 1 verse(s) in the King James; the form follows the English name's consonants; TH1971 writes นาซาเร็
Nazareth		นาซาเร็ธ	glossary	นาซาเร็ธ	นาซาเร็ธ	นาซาเร็ธ	DA,MB,PP,SC	28	settled	glossary row; MB: 1 of 2 sites carry the THSV form
Nazarite		ชาวนาซาเร็ธ		นาศีร์	นาศีร์	นาศีร์	DA,PP	9	settled	a people, DA 3.K: ชาว before นาซาเร็ธ (Nazareth); 
Nebo		เนโบ		เนโบ	เนโบ	เนโบ	PP	13	settled	
Nebuchadnezzar		เนบูคัดเนสซาร์		เนบูคัดเนสซาร์	เนบูคัดเนสซาร์	เนบูคัดเนสซาร์	DA	56	settled	
Nehemiah		เนหะมีย์		เนหะมีย์	เนหะมีย์	เนหะมีย์	PP,SC	8	settled	
Ner		เนอร์		เนอร์	เนอร์	เนอร์	PP	16	settled	
Nicodemus		นิโคเดมัส		นิโคเดมัส	นิโคเดมัส	นิโคเดมัส	DA,SC	2	settled	2 verse(s) in the King James; the three versions agree on the form
Nineveh		นีนะเวห์	glossary	นีนะเวห์	นีนะเวห์	นีนะเวห์	DA,PP	18	settled	glossary row
Ninevites		ชาวนีนะเวห์		นั้น	นั้น	นั้น	DA	1	settled	a people, DA 3.K: ชาว before นีนะเวห์ (Nineveh); 1 verse(s) in the King James; the three versions agree on the form
Noah		โนอาห์	glossary	โนอาห์	โนอาห์	โนอาห์	DA,PP	51	settled	glossary row
Nob		โนบ		โนบ	โนบ	โนบ	PP	6	settled	
Nun		นูน		นูน	นูน	นูน	PP	29	settled	
Obadiah		โอบาดีห์		โอบาดีห์	โอบาดีห์	โอบาดีห์	PP	19	settled	
Og		โอก		โอก	โอก	โอก	PP	22	settled	
Olives		มะกอกเทศ		มะกอกเทศ	มะกอกเทศ	มะกอกเทศ	DA	13	settled	
Olivet		มะกอกเทศ	มะกอกเทศ (PP)	แล้วอัค	แล้วอัค	ล่าต่อ	DA,MB,PP	2	settled	the series prints มะกอกเทศ; THSV writes แล้วอัค; TNCV writes ล่าต่อ; มะกอกเทศ in the Thai EGW library 34 time(s)
Omega		โอเมกา		โอเมกา	โอเมกา	โอเมกา	PP	4	settled	
Ophir		โอฟีร์		โอฟีร์	โอฟีร์	โอฟีร์	DA,MB,PP	13	settled	
Ophrah		โอฟราห์		โอฟราห์	โอฟราห์	โอฟราห์	PP	8	settled	
Oreb		โอเรบ		โอเรบ	โอเรบ	โอเรบ	PP	7	settled	
Ornan		โอรนัน		โอรนัน	โอรนัน	อาราวนาห์	PP	12	settled	TNCV writes อาราวนาห์
Padan		ปัดดานอารัม		ปัดดานอารัม	ปัดดานอารัม	ปัดดานอารัม	PP	11	settled	PP: 1 of 2 sites carry the THSV form
Palestine		ปาเลสไตน์	glossary	ฟีลิสเตีย	ฟีลิสเตีย	ฟีลิสเตีย	DA,MB,PP	1	settled	glossary row; THSV writes ฟีลิสเตีย; PP writes ปาเลสไตน์ at PP 133.1, PP 759.4, PP 500.1 (0 of 8 sites carry the THSV form); MB writes ปาเลสไตน์ at MB 2.2, MB 59.3, MB 138.1 (0 of 3 sites carry the THSV form)
Paran		ปาราน		ปาราน	ปาราน	ปาราน	MB,PP	11	settled	
Patmos		ปัทมอส		ปัทมอส	ปัทมอส	ปัทมอส	PP	1	settled	1 verse(s) in the King James; the three versions agree on the form
Paul		เปาโล	glossary	เปาโล	เปาโล	เปาโล	DA,MB,PP,SC	148	settled	glossary row
Pelethites		ชาวเปเลท		เปเลท	เคเรธี	เปเลท	PP	7	settled	a people, DA 3.K: ชาว before เปเลท; TH1971 writes เคเรธี
Pentecost		วันเพ็นเทคอสต์	glossary	เพ็นเทคอสต์	เพ็นเทคอสต์	เพ็นเทคอสต์	DA,PP,SC	3	settled	glossary row; THSV writes เพ็นเทคอสต์
Perizzites		ชาวเปริสซี		เปริสซี	เปริสซี	เปริสซี	PP	18	settled	a people, DA 3.K: ชาว before เปริสซี; 
Persia		เปอร์เซีย		เปอร์เซีย	เปอร์เซีย	เปอร์เซีย	MB	28	settled	
Peter		เปโตร	glossary	เปโตร	เปโตร	เปโตร	DA,MB,PP,SC	150	settled	glossary row
Pharaoh		ฟาโรห์	glossary	ฟาโรห์	ฟาโรห์	ฟาโรห์	DA,MB,PP	275	settled	glossary row
Pharisee		ฟาริสี	glossary	ฟาริสี	ฟาริสี	ฟาริสี	DA,MB,SC	13	settled	glossary row
Pharisees		ฟาริสี	glossary	ฟาริสี	ฟาริสี	ฟาริสี	DA,MB	87	settled	glossary row
Philip		ฟีลิป	glossary	ฟีลิป	ฟีลิป	ฟีลิป	DA,SC	30	settled	glossary row
Philippi		ฟีลิปปี		ฟีลิปปี	ฟีลิปปี	ลิปปี	DA	8	settled	TNCV writes ลิปปี
Philistia		ฟีลิสเตีย		ฟีลิสเตีย	ฟีลิสเตีย	ฟีลิสเตีย	PP	2	settled	2 verse(s) in the King James; the three versions agree on the form
Philistine		ชาวฟีลิสเตีย		คนฟีลิสเตีย	ฟีลิสเตียคนนั้	โกลิอัท	PP	33	settled	a people, DA 3.K: ชาว before ฟีลิสเตีย (Philistia); the series prints ฟีลิสเตีย; THSV writes คนฟีลิสเตีย; TH1971 writes ฟีลิสเตียคนนั้; TNCV writes โกลิอัท; ฟีลิสเตีย in the Thai EGW library 1 time(s)
Philistines		ชาวฟีลิสเตีย		ฟีลิสเตีย	ฟีลิสเตีย	ฟีลิสเตีย	PP	255	settled	a people, DA 3.K: ชาว before ฟีลิสเตีย (Philistia); 
Phinehas		ฟีเนหัส		ฟีเนหัส	ฟีเนหัส	ฟีเนหัส	PP	24	settled	
Phurah		พูดอะไร		พูดอะไร	พาปูราห์	พร้อ	PP	2	settled	2 verse(s) in the King James; the form follows the English name's consonants; TH1971 writes พาปูราห์; TNCV writes พร้อ; PP: 0 of 1 sites carry the THSV form
Pilate		ปีลาต		ปีลาต	ปีลาต	ปีลาต	DA	45	settled	
Pisgah		ปิสกาห์		ปิสกาห์	ปิสกาห์	ดเขาปิสกาห์	DA,PP	5	settled	TNCV writes ดเขาปิสกาห์
Potiphar		โปทิฟาร์	glossary	โปทิฟาร์	โปทิฟาร์	โปทิฟาร์	PP	2	settled	glossary row
Rachel		ราเชล	glossary	ราเชล	ราเชล	ราเชล	DA,PP	47	settled	glossary row
Rahab		ราหับ		ราหับ	ราหับ	ราหับ	PP	10	settled	
Ramah		รามาห์		รามาห์	รามาห์	รามาห์	DA,PP	35	settled	
Rebekah		เรเบคาห์	glossary	เรเบคาห์	เรเบคาห์	เรเบคาห์	PP	30	settled	glossary row
Red		ทะเลแดง		ทะเลแดง	ทะเลแดง	ทะเลแดง	PP	28	settled	PP: 19 of 20 sites carry the THSV form
Rephaim		เรฟาอิม		เรฟาอิม	เรฟาอิม	เรฟาอิม	PP	6	settled	
Rephidim		เรฟีดิม		เรฟีดิม	เรฟีดิม	เรฟีดิม	PP	5	settled	
Reuben		รูเบน	glossary	รูเบน	รูเบน	รูเบน	PP	67	settled	glossary row
Reubenites		คนรูเบน		รูเบน	รูเบน	รูเบน	PP	16	settled	a people, DA 3.K: คน before รูเบน (Reuben); 
Roman		โรมัน		โรมัน	สัญชาติโรม	โรมัน	DA,MB,PP,SC	5	settled	TH1971 writes สัญชาติโรม
Rome		โรม	glossary	โรม	โรม	โรม	DA,MB,PP	15	settled	glossary row
Sadducees		สะดูสี		สะดูสี	สะดูสี	สะดูสี	DA	14	settled	
Salem		ซาเลม		ซาเลม	ซาเล	ซาเลม	DA,PP	4	settled	TH1971 writes ซาเล; PP: 1 of 2 sites carry the THSV form
Samaria		สะมาเรีย		สะมาเรีย	สะมาเรีย	สะมาเรีย	DA,PP	122	settled	
Samaritan		ชาวสะมาเรีย		สะมาเรีย	สะมาเรีย	สะมาเรีย	DA,MB	3	settled	a people, DA 3.K: ชาว before สะมาเรีย (Samaria); 
Samaritans		ชาวสะมาเรีย		สะมาเรีย	สะมาเรีย	สะมาเรีย	DA	7	settled	a people, DA 3.K: ชาว before สะมาเรีย (Samaria); 
Samson		แซมสัน		แซมสัน	แซมสัน	แซมสัน	PP	39	settled	
Samuel		ซามูเอล		ซามูเอล	ซามูเอล	ซามูเอล	DA,MB,PP,SC	141	settled	
Sapphira		สัปฟีรา		สัปฟีรา	สัปฟีรา	สัปฟีรา	PP	1	settled	1 verse(s) in the King James; the three versions agree on the form
Sarah		ซาราห์	glossary	ซาราห์	ซาราห์	ซาราห์	PP	39	settled	glossary row
Sarai		ซาราย	glossary	ซาราย	ซาราย	ซาราย	PP	17	settled	glossary row
Satan		ซาตาน	glossary	ซาตาน	ซาตาน	ซาตาน	DA,MB,PP,SC	56	settled	glossary row; MB: 31 of 32 sites carry the THSV form
Saul		เซาโล	เซาโล (MB)	ซาอูล	ซาอูล	ซาอูล	DA,MB,PP	420	settled	the series prints เซาโล; THSV writes ซาอูล; เซาโล in the Thai EGW library 27 time(s)
Seir		เสอีร์		เสอีร์	เสอีร์	เสอีร์	MB,PP	39	settled	
Seth		เสท	glossary	เสท	เสท	เสท	PP	8	settled	glossary row
Shaaraim		ชาอาราอิม		ชาอาราอิม	ชาอาราอิม	ชาอาราอิม	PP	2	settled	2 verse(s) in the King James; the three versions agree on the form
Shamgar		ชัมการ์		ชัมการ์	ชัมการ์	ชัมการ์	PP	2	settled	2 verse(s) in the King James; the three versions agree on the form
Sharon		ชาโรน		ชาโรน	ชาโรน	ชาโรน	PP	5	settled	PP: 1 of 2 sites carry the THSV form
Shechem		เชเคม	glossary	เชเคม	เชเคม	เชเคม	DA,MB,PP	63	settled	glossary row
Shechemites		ชาวเชเคม		เชเคม	เชเคม	เชเคม	PP	1	settled	a people, DA 3.K: ชาว before เชเคม (Shechem); 1 verse(s) in the King James; the three versions agree on the form
Shem		เชม	glossary	เชม	เชม	เชม	PP	15	settled	glossary row
Shen		เชน		เชน	เชน	เชน	PP	1	settled	1 verse(s) in the King James; the three versions agree on the form
Sheth		เชท		เชท	เชท	เชท	PP	2	settled	2 verse(s) in the King James; the three versions agree on the form
Shiloh		โลห์		โลห์	โลห์	ชิโลห์	DA,PP	33	settled	TNCV writes ชิโลห์
Shimei		ชิเมอี		ชิเมอี	ชิเมอี	ชิเมอี	PP	41	settled	
Shinar		ชินาร์	glossary	ชินาร์	ชินาร์	ชินาร์	PP	7	settled	glossary row
Shunem		ชูเนม		ชูเนม	ชูเนม	ชูเนม	PP	3	settled	
Shur		ชูร์		ชูร์	ชูร์	ชูร์	PP	6	settled	
Siddim		สิดดิม	glossary	สิดดิม	สิดดิม	สิดดิม	PP	3	settled	glossary row; PP: 4 of 5 sites carry the THSV form
Sidon		ไซดอน		ไซดอน	ไซดอน	ไซดอน	DA,MB,PP	14	settled	
Sidonians		ชาวไซดอน		ไซดอน	ไซดอน	ไซดอน	PP	5	settled	a people, DA 3.K: ชาว before ไซดอน (Sidon); 
Sihon		สิโหน		สิโหน	สิโหน	สิโหน	PP	34	settled	
Silas		สิลาส		สิลาส	สิลาส	สิลาส	MB	13	settled	
Siloam		สิโลอัม		สิโลอัม	สิโลอัม	สิโลอัม	DA,PP	3	settled	
Simeon		สิเมโอน		สิเมโอน	สิเมโอน	สิเมโอน	DA,PP	47	settled	
Simon		ซีโมน		ซีโมน	ซีโมน	ซีโมน	DA,SC	67	settled	
Sinai		ซีนาย	glossary	ซีนาย	ซีนาย	ซีนาย	DA,MB,PP,SC	37	settled	glossary row; PP: 44 of 45 sites carry the THSV form
Sion		ศิโยน		ศิโยน	ศิโยน	ศิโยน	DA	9	settled	
Sir		ท่านเจ้า		ท่านเจ้า	ท่านเจ้า	ท่านเจ้าข้า	DA	10	settled	TNCV writes ท่านเจ้าข้า
Sisera		สิเสรา		สิเสรา	สิเสรา	สิเสรา	PP	21	settled	
Smyrna		สเมอร์นา		สเมอร์นา	สเมอร์นา	สเมอร์นา	DA	2	settled	2 verse(s) in the King James; the three versions agree on the form
Sodom		โสโดม	glossary	โสโดม	โสโดม	โสโดม	DA,PP	48	settled	glossary row
Solomon		ซาโลมอน	glossary	ซาโลมอน	ซาโลมอน	โซโลมอน	DA,MB,PP,SC	301	settled	glossary row; TNCV writes โซโลมอน
Sorek		โสเรก		โสเรก	โสเรก	โสเรก	PP	1	settled	1 verse(s) in the King James; the three versions agree on the form
Stephen		สเทเฟน	glossary	สเทเฟน	สเทเฟน	สเทเฟน	DA,MB,PP	7	settled	glossary row
Succoth		สุคคท		สุคคท	สุคคท	สุคคท	PP	19	settled	
Sychar		สิคาร์		สิคาร์	สิคาร์	สิคาร์	DA	1	settled	1 verse(s) in the King James; the three versions agree on the form
Syria		ซีเรีย	glossary	ซีเรีย	ซีเรีย	อารัม	DA,PP	76	settled	glossary row; TNCV writes อารัม; PP: 2 of 4 sites carry the THSV form
Syrian		ชาวซีเรีย	glossary	อารัม	อารัม	ชาวอารัม	DA,PP	12	settled	glossary row; THSV writes อารัม; TNCV writes ชาวอารัม; PP: 0 of 1 sites carry the THSV form
Syrians		ชาวซีเรีย		คนซีเรีย	คนซีเรีย	อารัม	PP	61	settled	a people, DA 3.K: ชาว before ซีเรีย (Syria); the series prints ซีเรี; THSV writes คนซีเรีย; TNCV writes อารัม; ซีเรี in the Thai EGW library 9 time(s)
Taberah		ทาเบราห์	ทาเบราห์ (PP)	ทาเบ-ราห์	ทาเบ-ราห์	ทาเบราห์	PP	2	settled	the series prints ทาเบราห์; THSV writes ทาเบ-ราห์; TNCV writes ทาเบราห์; ทาเบราห์ in the Thai EGW library 0 time(s)
Tabor		ทาโบร์		ทาโบร์	ทาโบร์	ทาโบร์	PP	9	settled	
Talmai		ทัลมัย		ทัลมัย	ทัลมัย	ทัลมัย	PP	6	settled	
Tarsus		ทาร์ซัส		ทาร์ซัส	ทาร์ซัส	ทาร์ซัส	MB	5	settled	
Tekoah		เทโคอา		เทโคอา	เทโคอา	จากเทโคอา	PP	3	settled	TNCV writes จากเทโคอา
Terah		เทราห์	เทราห์ (PP)	เท-ราห์	เทราห์	เทราห์	PP	10	settled	the series prints เทราห์; THSV writes เท-ราห์; TH1971 writes เทราห์; TNCV writes เทราห์; เทราห์ in the Thai EGW library 0 time(s)
Thomas		โธมัส		โธมัส	โธมัส	โธมัส	DA	10	settled	
Thummim		ทูมมิม		ทูมมิม	ทูมมิม	ทูมมิม	PP	5	settled	
Timnath		ทิมนา		ทิมนา	ทิมนา	ทิมนา	PP	11	settled	
Timothy		ทิโมธี		ทิโมธี	ทิโมธี	ทิโมธี	DA,MB,PP,SC	9	settled	
Titus		ทิตัส		ทิตัส	ทิตัส	ทิตัส	DA,MB,PP	15	settled	
Tyre		ไทระ		ไทระ	ไทระ	ไทระ	DA,MB,PP	37	settled	PP: 1 of 2 sites carry the THSV form
Uriah		อุรียาห์		อุรียาห์	อุรีอาห์	อุรียาห์	PP	26	settled	TH1971 writes อุรีอาห์
Urim		อูริม		อูริม	อูริม	อูริม	PP	7	settled	
Uzzah		อุสซาห์		อุสซาห์	อุสซาห์	อุสซาห์	PP	4	settled	
Zacharias		เศคาริยาห์		เศคาริยาห์	เศคาริยาห์	เศคาริยาห์	DA	11	settled	
Zadok		ศาโดก		ศาโดก	ศาโดก	ศาโดก	PP	51	settled	
Zalmunna		เศบาห์และศัลมุนนา		เศบาห์และศัลมุนนา	ศัลมุนนา	ศัลมุนนา	PP	12	settled	TH1971 writes ศัลมุนนา; TNCV writes ศัลมุนนา
Zarephath		ศาเรฟัท		ศาเรฟัท	ศาเรฟัท	ศาเรฟัท	DA	3	settled	
Zebah		เศบาห์และศัล		เศบาห์และศัล	ศัลมุนนา	เศบาห์	PP	12	settled	TH1971 writes ศัลมุนนา; TNCV writes เศบาห์
Zebedee		เศเบดี		เศเบดี	เศเบดี	เศเบดี	DA	12	settled	
Zebulun		เศบูลุน		เศบูลุน	เศบูลุน	เศบูลุน	PP	43	settled	
Zechariah		เศคาริยาห์		เศคาริยาห์	เศคาริยาห์	เศคาริยาห์	DA,MB,PP	35	settled	
Zedekiah		เศเดคียาห์		เศเดคียาห์	เศเดคียาห์	เศเดคียาห์	PP	59	settled	
Zeeb		เศเอบ		เศเอบ	เศเอบ	โอเรบและเศเอบ	PP	6	settled	TNCV writes โอเรบและเศเอบ
Zered		เศเรด		เศเรด	เศเรด	เศเรด	PP	3	settled	
Zeruiah		นางเศรุยาห์		นางเศรุยาห์	นางเศรุยาห์	นางเศรุยาห์	PP	26	settled	
Zidonians		ชาวไซดอน		ไซดอน	ไซดอน	ไซดอน	PP	10	settled	a people, DA 3.K: ชาว before ไซดอน; 
Ziklag		ศิกลาก		ศิกลาก	ศิกลาก	ศิกลาก	PP	15	settled	
Zimri		ศิมรี		ศิมรี	ศิมรี	ศิมรี	PP	14	settled	
Zin		ศิน		ศิน	ศิน	ถิ่นกันดารศิน	PP	10	settled	TNCV writes ถิ่นกันดารศิน
Zion		ศิโยน	glossary	ศิโยน	ศิโยน	ศิโยน	DA,MB,PP	149	settled	glossary row; PP: 5 of 8 sites carry the THSV form
Ziph		ศิฟ	glossary	ศิฟ	ศิฟ	ศิฟ	PP	8	settled	glossary row
Ziphites		ชาวศิฟ					PP	2	settled	a people, DA 3.K: ชาว before ศิฟ (Ziph); the series prints ศิฟ; THSV has no form; PP writes ศิฟ at PP 661.1, PP 668.2 (2 site(s)); ศิฟ in the Thai EGW library 0 time(s)
Zipporah		ศิปโปราห์		ศิปโปราห์	ศิปโปราห์	ศิปโปราห์	PP	3	settled	
Zoar		โศอาร์	glossary	โศอาร์	โศอาร์	โศอาร์	PP	10	settled	glossary row
Zobah		โศบาห์		โศบาห์	โศบาห์	โศบาห์	PP	11	settled	
Zorah		โศราห์		โศราห์	โศราห์	โศราห์	PP	8	settled	
